Name,Level,School,Ritual/Concentration,Casting Time,Duration,Range,Components,Materials,Source,Classes,Known By...
Acid Splash,Cantrip,Conjuration,,1 action,Instantaneous,60 feet,"S, V",,PHB 211,"Artificer, Sorcerer, Wizard",
Blade Ward,Cantrip,Abjuration,,1 action,1 round,Self,"S, V",,PHB 218,"Bard, Sorcerer, Warlock, Wizard",
Booming Blade,Cantrip,Evocation,,1 action,1 round,Self (5-foot radius),"M, S",(a melee weapon worth at least 1 sp),TCoE 106,"Artificer, Sorcerer, Warlock, Wizard",
Chill Touch,Cantrip,Necromancy,,1 action,1 round,120 feet,"S, V",,PHB 222,"Sorcerer, Warlock, Wizard",
Control Flames,Cantrip,Transmutation,,1 action,Instantaneous or 1 hour (see below),60 feet,S,,XGtE 152,"Druid, Sorcerer, Wizard",
Create Bonfire,Cantrip,Conjuration,Concentration,1 action,"Concentration, up to 1 minute",60 feet,"S, V",,XGtE 152,"Artificer, Druid, Sorcerer, Warlock, Wizard",
Dancing Lights,Cantrip,Evocation,Concentration,1 action,"Concentration, up to 1 minute",120 feet,"M, S, V","(a bit of phosphorus or wychwood, or a glowworm)",PHB 230,"Artificer, Bard, Sorcerer, Wizard",
Druidcraft,Cantrip,Transmutation,,1 action,Instantaneous,30 feet,"S, V",,PHB 236,Druid,
Eldritch Blast,Cantrip,Evocation,,1 action,Instantaneous,120 feet,"S, V",,PHB 237,Warlock,
Fire Bolt,Cantrip,Evocation,,1 action,Instantaneous,120 feet,"S, V",,PHB 242,"Artificer, Sorcerer, Wizard",
Friends,Cantrip,Enchantment,Concentration,1 action,"Concentration, up to 1 minute",Self,"M, S",(a small amount of makeup applied to the face as this spell is cast),PHB 244,"Bard, Sorcerer, Warlock, Wizard",
Frostbite,Cantrip,Evocation,,1 action,Instantaneous,60 feet,"S, V",,XGtE 156,"Artificer, Druid, Sorcerer, Warlock, Wizard",
Green-Flame Blade,Cantrip,Evocation,,1 action,Instantaneous,Self (5-foot radius),"M, S",(a melee weapon worth at least 1 sp),TCoE 107,"Artificer, Sorcerer, Warlock, Wizard",
Guidance,Cantrip,Divination,Concentration,1 action,"Concentration, up to 1 minute",Touch,"S, V",,PHB 248,"Artificer, Cleric, Druid",
Gust,Cantrip,Transmutation,,1 action,Instantaneous,30 feet,"S, V",,XGtE 157,"Druid, Sorcerer, Wizard",
Infestation,Cantrip,Conjuration,,1 action,Instantaneous,30 feet,"M, S, V",(a living flea),XGtE 158,"Druid, Sorcerer, Warlock, Wizard",
Light,Cantrip,Evocation,,1 action,1 hour,Touch,"M, V",(a firefly or phosphorescent moss),PHB 255,"Artificer, Bard, Cleric, Sorcerer, Wizard",
Lightning Lure,Cantrip,Evocation,,1 action,Instantaneous,Self (15-foot radius),V,,TCoE 107,"Artificer, Sorcerer, Warlock, Wizard",
Mage Hand,Cantrip,Conjuration,,1 action,1 minute,30 feet,"S, V",,PHB 256,"Artificer, Bard, Sorcerer, Warlock, Wizard",
Magic Stone,Cantrip,Transmutation,Concentration,1 bonus action,"Concentration, 1 minute",Touch,"S, V",,XGtE 160,"Artificer, Druid, Warlock",
Mending,Cantrip,Transmutation,,1 minute,Instantaneous,Touch,"M, S, V",(two lodestones),PHB 259,"Artificer, Bard, Cleric, Druid, Sorcerer, Wizard",
Message,Cantrip,Transmutation,,1 action,1 round,120 feet,"M, S, V",(a short piece of copper wire),PHB 259,"Artificer, Bard, Sorcerer, Wizard",
Mind Sliver,Cantrip,Enchantment,,1 action,1 round,60 feet,V,,TCoE 108,"Sorcerer, Warlock, Wizard",
Minor Illusion,Cantrip,Illusion,,1 action,1 minute,30 feet,"M, S",(a bit of fleece),PHB 260,"Bard, Sorcerer, Warlock, Wizard",
Mold Earth,Cantrip,Transmutation,,1 action,Instantaneous or 1 hour (see below),30 feet,S,,XGtE 162,"Druid, Sorcerer, Wizard",
Poison Spray,Cantrip,Conjuration,,1 action,Instantaneous,10 feet,"S, V",,PHB 266,"Artificer, Druid, Sorcerer, Warlock, Wizard",
Prestidigitation,Cantrip,Transmutation,,1 action,up to 1 hour,10 feet,"S, V",,PHB 267,"Artificer, Bard, Sorcerer, Warlock, Wizard",
Primal Savagery,Cantrip,Transmutation,,1 action,Instantaneous,Self,S,,XGtE 163,Druid,
Produce Flame,Cantrip,Conjuration,,1 action,10 minutes,Self,"S, V",,PHB 269,Druid,
Ray of Frost,Cantrip,Evocation,,1 action,Instantaneous,60 feet,"S, V",,PHB 271,"Artificer, Sorcerer, Wizard",
Resistance,Cantrip,Abjuration,Concentration,1 action,"Concentration, up to 1 minute",Touch,"M, S, V",(a miniature cloak),PHB 272,"Artificer, Cleric, Druid",
Sacred Flame,Cantrip,Evocation,,1 action,Instantaneous,60 feet,"S, V",,PHB 272,Cleric,
Sapping Sting,Cantrip,Necromancy,,1 action,Instantaneous,30 feet,"S, V",,EGtW,"Wizard (Chronurgy), Wizard (Graviturgy)",
Shape Water,Cantrip,Transmutation,,1 action,Instantaneous or 1 hour (see below),30 feet,S,,XGtE 164,"Druid, Sorcerer, Wizard",
Shillelagh,Cantrip,Transmutation,,1 bonus action,1 minute,Touch,"M, S, V","(mistletoe, a shamrock leaf, and a club or quarterstaff)",PHB 275,Druid,
Shocking Grasp,Cantrip,Evocation,,1 action,Instantaneous,Touch,"S, V",,PHB 275,"Artificer, Sorcerer, Wizard",
Spare the Dying,Cantrip,Necromancy,,1 action,Instantaneous,Touch,"S, V",,PHB 277,"Artificer, Cleric",
Sword Burst,Cantrip,Conjuration,,1 action,Instantaneous,Self (5-foot radius),V,,SCAG 143,"Artificer, Sorcerer, Warlock, Wizard",
Thaumaturgy,Cantrip,Transmutation,Concentration,1 action,"Concentration, up to 1 minute",30 feet,V,,PHB 282,Cleric,
Thorn Whip,Cantrip,Transmutation,,1 action,Instantaneous,30 feet,"M, S, V",(the stem of a plant with thorns),PHB 282,"Artificer, Druid",
Thunderclap,Cantrip,Evocation,,1 action,Instantaneous,5 feet,S,,XGtE 168,"Artificer, Bard, Druid, Sorcerer, Warlock, Wizard",
Toll the Dead,Cantrip,Necromancy,,1 action,Instantaneous,60 feet,"S, V",,XGtE 169,"Cleric, Warlock, Wizard",
True Strike,Cantrip,Divination,Concentration,1 action,"Concentration, up to 1 round",30 feet,S,,PHB 284,"Bard, Sorcerer, Warlock, Wizard",
Vicious Mockery,Cantrip,Enchantment,,1 action,Instantaneous,60 feet,V,,PHB 285,Bard,
Word of Radiance,Cantrip,Evocation,,1 action,Instantaneous,5 feet,"M, V",(a holy symbol),XGtE 171,Cleric,
Absorb Elements,level 1,Abjuration,,1 reaction,1 round,Self,S,,XGtE 150,"Artificer, Druid, Ranger, Sorcerer, Wizard",
Alarm,level 1,Abjuration,Ritual,1 minute,8 hours,30 feet,"M, S, V",(a tiny bell and a piece of fine silver wire),PHB 211,"Artificer, Ranger, Wizard",
Animal Friendship,level 1,Enchantment,,1 action,24 hours,30 feet,"M, S, V",(a morsel of food),PHB 212,"Bard, Cleric (Nature), Druid, Ranger",
Armor of Agathys,level 1,Abjuration,,1 action,1 hour,Self,"M, S, V",(a cup of water),PHB 215,"Paladin (Conquest), Warlock",
Arms of Hadar,level 1,Conjuration,,1 action,Instantaneous,Self (10-foot radius),"S, V",,PHB 215,Warlock,
Bane,level 1,Enchantment,Concentration,1 action,"Concentration, up to 1 minute",30 feet,"M, S, V",(a drop of blood),PHB 216,"Bard, Cleric, Cleric (Grave), Paladin (Vengeance)",
Beast Bond,level 1,Divination,Concentration,1 action,"Concentration, up to 10 minutes",Touch,"M, S, V",(a bit of fur wrapped in a cloth),XGtE 150,"Druid, Ranger",
Bless,level 1,Enchantment,Concentration,1 action,"Concentration, up to 1 minute",30 feet,"M, S, V",(a sprinkling of holy water),PHB 219,"Cleric, Cleric (Life), Paladin",
Burning Hands,level 1,Evocation,,1 action,Instantaneous,Self (15-foot cone),"S, V",,PHB 220,"Cleric (Light), Sorcerer, Warlock (Fiend), Wizard",
Catapult,level 1,Transmutation,,1 action,Instantaneous,60 feet,S,,XGtE 150,"Artificer, Sorcerer, Wizard",
Cause Fear,level 1,Necromancy,Concentration,1 action,"Concentration, up to 1 minute",60 feet,V,,XGtE 151,"Warlock, Wizard",
Ceremony,level 1,Abjuration,Ritual,1 hour,Instantaneous,Touch,"M, S, V","(25 gp worth of powdered silver, which the spell consumes)",XGtE 151,"Cleric, Paladin",
Chaos Bolt,level 1,Evocation,,1 action,Instantaneous,120 feet,"S, V",,XGtE 151,Sorcerer,
Charm Person,level 1,Enchantment,,1 action,1 hour,30 feet,"S, V",,PHB 221,"Bard, Cleric (Trickery), Druid, Sorcerer, Warlock, Wizard",
Chromatic Orb,level 1,Evocation,,1 action,Instantaneous,90 feet,"M, S, V",(a diamond worth at least 50 gp),PHB 221,"Sorcerer, Wizard",
Color Spray,level 1,Illusion,,1 action,1 round,Self (15-foot cone),"M, S, V","(a pinch of powder or sand that is colored red, yellow, and blue)",PHB 222,"Bard, Sorcerer, Wizard",
Command,level 1,Enchantment,,1 action,1 round,60 feet,V,,PHB 223,"Bard, Cleric, Cleric (Knowledge), Cleric (Order), Paladin, Paladin (Conquest), Paladin (Crown), Warlock (Fiend)",
Compelled Duel,level 1,Enchantment,Concentration,1 bonus action,"Concentration, up to 1 minute",30 feet,V,,PHB 224,"Paladin, Paladin (Crown)",
Comprehend Languages,level 1,Divination,Ritual,1 action,1 hour,Self,"M, S, V",(a pinch of soot and salt),PHB 224,"Bard, Sorcerer, Warlock, Wizard",
Create or Destroy Water,level 1,Transmutation,,1 action,Instantaneous,30 feet,"M, S, V",(a drop of water if creating water or a few grains of sand if destroying it),PHB 229,"Cleric, Druid",
Cure Wounds,level 1,Evocation,,1 action,Instantaneous,Touch,"S, V",,PHB 230,"Artificer, Bard, Cleric, Cleric (Life), Druid, Paladin, Ranger, Warlock (Celestial)",
Detect Evil and Good,level 1,Divination,Concentration,1 action,"Concentration, up to 10 minutes",Self,"S, V",,PHB 231,"Cleric, Paladin",
Detect Magic,level 1,Divination,"Concentration, Ritual",1 action,"Concentration, up to 10 minutes",Self,"S, V",,PHB 231,"Artificer, Bard, Cleric, Cleric (Arcana), Druid, Paladin, Ranger, Sorcerer, Wizard",
Detect Poison and Disease,level 1,Divination,"Concentration, Ritual",1 action,"Concentration, up to 10 minutes",Self,"M, S, V",(a yew leaf),PHB 231,"Cleric, Druid, Paladin, Ranger",
Disguise Self,level 1,Illusion,,1 action,1 hour,Self,"S, V",,PHB 233,"Artificer, Bard, Cleric (Trickery), Ranger (Gloom Stalker), Sorcerer, Wizard",
Dissonant Whispers,level 1,Enchantment,,1 action,Instantaneous,60 feet,V,,PHB 234,"Bard, Warlock (Great Old One)",
Divine Favor,level 1,Evocation,Concentration,1 bonus action,"Concentration, up to 1 minute",Self,"S, V",,PHB 234,"Cleric (War), Paladin",
Earth Tremor,level 1,Evocation,,1 action,Instantaneous,10 feet,"S, V",,XGtE 155,"Bard, Druid, Sorcerer, Wizard",
Ensnaring Strike,level 1,Conjuration,Concentration,1 bonus action,"Concentration, up to 1 minute",Self,V,,PHB 237,"Paladin (Ancients), Ranger",
Entangle,level 1,Conjuration,Concentration,1 action,"Concentration, up to 1 minute",90 feet,"S, V",,PHB 238,"Druid, Ranger",
Expeditious Retreat,level 1,Transmutation,Concentration,1 bonus action,"Concentration, up to 10 minutes",Self,"S, V",,PHB 238,"Artificer, Sorcerer, Warlock, Wizard",
Faerie Fire,level 1,Evocation,Concentration,1 action,"Concentration, up to 1 minute",60 feet,V,,PHB 239,"Artificer, Bard, Cleric (Light), Druid, Warlock (Archfey)",
False Life,level 1,Necromancy,,1 action,1 hour,Self,"M, S, V",(a small amount of alcohol or distilled spirits),PHB 239,"Artificer, Cleric (Death), Cleric (Grave), Sorcerer, Warlock (Undying), Wizard",
Feather Fall,level 1,Transmutation,,1 reaction,1 minute,60 feet,"M, V",(a small feather or piece of down),PHB 239,"Artificer, Bard, Sorcerer, Wizard",
Find Familiar,level 1,Conjuration,Ritual,1 hour,Instantaneous,10 feet,"M, S, V","(10 gp worth of charcoal, incense, and herbs that must be consumed by fire in a brass brazier)",PHB 240,Wizard,
Fog Cloud,level 1,Conjuration,Concentration,1 action,"Concentration, up to 1 hour",120 feet,"S, V",,PHB 243,"Cleric (Tempest), Druid, Ranger, Sorcerer, Wizard",
Gift of Alacrity,level 1,Divination,,1 minute,8 hours,Touch,"S, V",,EGtW,Wizard (Chronurgy),
Goodberry,level 1,Transmutation,,1 action,Instantaneous,Touch,"M, S, V",(a sprig of mistletoe),PHB 246,"Druid, Ranger",
Grease,level 1,Conjuration,,1 action,1 minute,60 feet,"M, S, V",(a bit of pork rind or butter),PHB 246,"Artificer, Sorcerer, Wizard",
Guiding Bolt,level 1,Evocation,,1 action,1 round,120 feet,"S, V",,PHB 248,"Cleric, Paladin (Glory), Warlock (Celestial)",
Hail of Thorns,level 1,Conjuration,Concentration,1 bonus action,"Concentration, up to 1 minute",Self,V,,PHB 249,Ranger,
Healing Word,level 1,Evocation,,1 bonus action,Instantaneous,60 feet,V,,PHB 250,"Artificer (Alchemist), Bard, Cleric, Druid",
Hellish Rebuke,level 1,Evocation,,1 reaction,Instantaneous,60 feet,"S, V",,PHB 250,"Paladin (Oathbreaker), Warlock",
Heroism,level 1,Enchantment,Concentration,1 action,"Concentration, up to 1 minute",Touch,"S, V",,PHB 250,"Artificer (Battle Smith), Bard, Cleric (Order), Paladin, Paladin (Glory)",
Hex,level 1,Enchantment,Concentration,1 bonus action,"Concentration, up to 1 hour",90 feet,"M, S, V",(the petrified eye of a newt),PHB 251,Warlock,
Hunter’s Mark,level 1,Divination,Concentration,1 bonus action,"Concentration, up to 1 hour",90 feet,V,,PHB 251,"Paladin (Vengeance), Ranger",
Ice Knife,level 1,Conjuration,,1 action,Instantaneous,60 feet,"M, S",(a drop of water or a piece of ice),XGtE 157,"Druid, Sorcerer, Wizard",
Identify,level 1,Divination,,1 minute,Instantaneous,Touch,"M, S, V",(a pearl worth at least 100 gp and an owl feather),PHB 252,"Artificer, Bard, Cleric (Forge), Cleric (Knowledge), Wizard",
Illusory Script,level 1,Illusion,Ritual,1 minute,10 days,Touch,"M, S","(a lead-based ink worth at least 10 gp, which the spell consumes)",PHB 252,"Bard, Warlock, Wizard",
Inflict Wounds,level 1,Necromancy,,1 action,Instantaneous,Touch,"S, V",,PHB 253,"Cleric, Paladin (Oathbreaker)",
Jump,level 1,Transmutation,,1 action,1 minute,Touch,"M, S, V",(a grasshopper’s hind leg),PHB 254,"Artificer, Druid, Ranger, Sorcerer, Wizard",
Longstrider,level 1,Transmutation,,1 action,1 hour,Touch,"M, S, V",(a pinch of dirt),PHB 256,"Artificer, Bard, Druid, Ranger, Wizard",
Mage Armor,level 1,Abjuration,,1 action,8 hours,Touch,"M, S, V",(a piece of cured leather),PHB 256,"Sorcerer, Wizard",
Magic Missile,level 1,Evocation,,1 action,Instantaneous,120 feet,"S, V",,PHB 257,"Cleric (Arcana), Sorcerer, Wizard",
Magnify Gravity,level 1,Transmutation,,1 action,1 round,60 feet,"S, V",,EGtW,Wizard (Graviturgy),
Protection from Evil and Good,level 1,Abjuration,Concentration,1 action,"Concentration, up to 1 hour",Touch,"M, S, V","(holy water or powdered silver and iron, which the spell consumes)",PHB 270,"Cleric, Druid, Paladin, Paladin (Devotion), Ranger (Horizon Walker), Ranger (Monster Slayer), Warlock, Wizard",
Purify Food and Drink,level 1,Transmutation,Ritual,1 action,Instantaneous,10 feet,"S, V",,PHB 270,"Artificer, Cleric, Druid, Paladin",
Ray of Sickness,level 1,Necromancy,,1 action,Instantaneous,60 feet,"S, V",,PHB 271,"Artificer (Alchemist), Cleric (Death), Sorcerer, Warlock (Undying), Wizard",
Sanctuary,level 1,Abjuration,,1 bonus action,1 minute,30 feet,"M, S, V",(a small silver mirror),PHB 272,"Artificer, Cleric, Paladin (Devotion), Paladin (Redemption)",
Searing Smite,level 1,Evocation,Concentration,1 bonus action,"Concentration, up to 1 minute",Self,V,,PHB 274,"Cleric (Forge), Paladin, Ranger",
Shield,level 1,Abjuration,,1 reaction,1 round,Self,"S, V",,PHB 275,"Artificer (Artillerist), Artificer (Battle Smith), Sorcerer, Warlock (Hexblade), Wizard",
Shield of Faith,level 1,Abjuration,Concentration,1 bonus action,"Concentration, up to 10 minutes",60 feet,"M, S, V",(a small parchment with a bit of holy text written on it),PHB 275,"Cleric, Cleric (War), Paladin",
Silent Image,level 1,Illusion,Concentration,1 action,"Concentration, up to 10 minutes",60 feet,"M, S, V",(a bit of fleece),PHB 276,"Bard, Sorcerer, Wizard",
Sleep,level 1,Enchantment,,1 action,1 minute,90 feet,"M, S, V","(a pinch of fine sand, rose petals, or a cricket)",PHB 276,"Bard, Paladin (Redemption), Sorcerer, Warlock (Archfey), Wizard",
Snare,level 1,Abjuration,,1 minute,8 hours,Touch,"M, S","(25 feet of rope, which the spell consumes)",XGtE 165,"Artificer, Druid, Ranger, Wizard",
Speak with Animals,level 1,Divination,Ritual,1 action,10 minutes,Self,"S, V",,PHB 277,"Bard, Cleric (Nature), Druid, Paladin (Ancients), Ranger",
Tasha's Caustic Brew,level 1,Evocation,Concentration,1 action,"Concentration, up to 1 minute",Self (30-foot line),"M, S, V",(a bit of rotten food),TCoE 115,"Artificer, Sorcerer, Wizard",
Tasha’s Hideous Laughter,level 1,Enchantment,Concentration,1 action,"Concentration, up to 1 minute",30 feet,"M, S, V",(tiny tarts and a feather that is waved in the air),PHB 280,"Bard, Warlock (Great Old One), Wizard",
Tenser’s Floating Disk,level 1,Conjuration,Ritual,1 action,1 hour,30 feet,"M, S, V",(a drop of mercury),PHB 282,Wizard,
Thunderous Smite,level 1,Evocation,Concentration,1 bonus action,"Concentration, up to 1 minute",Self,V,,PHB 282,Paladin,
Thunderwave,level 1,Evocation,,1 action,Instantaneous,Self (15-foot cube),"S, V",,PHB 282,"Artificer (Artillerist), Bard, Cleric (Tempest), Druid, Sorcerer, Wizard",
Unseen Servant,level 1,Conjuration,Ritual,1 action,1 hour,60 feet,"M, S, V",(a piece of string and a bit of wood),PHB 284,"Bard, Warlock, Wizard",
Witch Bolt,level 1,Evocation,Concentration,1 action,"Concentration, up to 1 minute",30 feet,"M, S, V",(a twig from a tree that has been struck by lightning),PHB 289,"Sorcerer, Warlock, Wizard",
Wrathful Smite,level 1,Evocation,Concentration,1 bonus action,"Concentration, up to 1 minute",Self,V,,PHB 289,"Paladin, Warlock (Hexblade)",
Zephyr Strike,level 1,Transmutation,Concentration,1 bonus action,"Concentration, up to 1 minute",Self,V,,XGtE 171,Ranger,
Aganazzar’s Scorcher,level 2,Evocation,,1 action,Instantaneous,30 feet,"M, S, V",(a red dragon’s scale),XGtE 150,"Sorcerer, Wizard",
Aid,level 2,Abjuration,,1 action,8 hours,30 feet,"M, S, V",(a tiny strip of white cloth),PHB 211,"Artificer, Bard, Cleric, Paladin, Ranger",
Alter Self,level 2,Transmutation,Concentration,1 action,"Concentration, up to 1 hour",Self,"S, V",,PHB 211,"Artificer, Sorcerer, Wizard",
Animal Messenger,level 2,Enchantment,Ritual,1 action,24 hours,30 feet,"M, S, V",(a morsel of food),PHB 212,"Bard, Druid, Ranger",
Arcane Lock,level 2,Abjuration,,1 action,Until dispelled,Touch,"M, S, V","(gold dust worth at least 25 gp, which the spell consumes)",PHB 215,"Artificer, Wizard",
Augury,level 2,Divination,Ritual,1 minute,Instantaneous,Self,"M, S, V","(specially marked sticks, bones, or similar tokens worth at least 25 gp)",PHB 215,"Cleric, Cleric (Knowledge), Druid, Wizard",
Barkskin,level 2,Transmutation,Concentration,1 action,"Concentration, up to 1 hour",Touch,"M, S, V",(a handful of oak bark),PHB 217,"Cleric (Nature), Druid, Druid (Land - Forest), Ranger",
Beast Sense,level 2,Divination,"Concentration, Ritual",1 action,"Concentration, up to 1 hour",Touch,S,,PHB 217,"Druid, Ranger",
Blindness / Deafness,level 2,Necromancy,,1 action,1 minute,30 feet,V,,PHB 219,"Bard, Cleric, Cleric (Death), Sorcerer, Warlock (Fiend), Warlock (Undying), Wizard",
Blur,level 2,Illusion,Concentration,1 action,"Concentration, up to 1 minute",Self,V,,PHB 219,"Artificer, Druid (Land - Desert), Sorcerer, Warlock (Hexblade), Wizard",
Branding Smite,level 2,Evocation,Concentration,1 bonus action,"Concentration, up to 1 minute",Self,V,,PHB 219,"Artificer (Battle Smith), Paladin, Warlock (Hexblade)",
Calm Emotions,level 2,Enchantment,Concentration,1 action,"Concentration, up to 1 minute",60 feet,"S, V",,PHB 221,"Bard, Cleric, Paladin (Redemption), Warlock (Archfey)",
Cloud of Daggers,level 2,Conjuration,Concentration,1 action,"Concentration, up to 1 minute",60 feet,"M, S, V",(a sliver of glass),PHB 222,"Bard, Sorcerer, Warlock, Wizard",
Continual Flame,level 2,Evocation,,1 action,Until dispelled,Touch,"M, S, V","(ruby dust worth 50 gp, which the spell consumes)",PHB 227,"Artificer, Cleric, Druid, Wizard",
Cordon of Arrows,level 2,Transmutation,,1 action,8 hours,5 feet,"M, S, V",(four or more arrows or bolts),PHB 228,Ranger,
Crown of Madness,level 2,Enchantment,Concentration,1 action,"Concentration, up to 1 minute",120 feet,"S, V",,PHB 229,"Bard, Paladin (Oathbreaker), Sorcerer, Warlock, Wizard",
Darkness,level 2,Evocation,Concentration,1 action,"Concentration, up to 10 minutes",60 feet,"M, V",(bat fur and a drop of pitch or piece of coal),PHB 230,"Druid (Land - Swamp), Paladin (Oathbreaker), Sorcerer, Warlock, Wizard",
Darkvision,level 2,Transmutation,,1 action,8 hours,Touch,"M, S, V",(either a pinch of dried carrot or an agate),PHB 230,"Artificer, Druid, Ranger, Sorcerer, Wizard",
Detect Thoughts,level 2,Divination,Concentration,1 action,"Concentration, up to 1 minute",Self,"M, S, V",(a copper piece),PHB 231,"Bard, Sorcerer, Warlock (Great Old One), Wizard",
Dragon’s Breath,level 2,Transmutation,Concentration,1 bonus action,"Concentration, up to 1 minute",Touch,"M, S, V",(a hot pepper),XGtE 154,"Sorcerer, Wizard",
Dust Devil,level 2,Conjuration,Concentration,1 action,"Concentration, up to 1 minute",60 feet,"M, S, V",(a pinch of dust),XGtE 154,"Druid, Sorcerer, Wizard",
Earthbind,level 2,Transmutation,Concentration,1 action,"Concentration, up to 1 minute",300 feet,V,,XGtE 154,"Druid, Sorcerer, Warlock, Wizard",
Enhance Ability,level 2,Transmutation,Concentration,1 action,"Concentration, up to 1 hour",Touch,"M, S, V",(fur or a feather from a beast),PHB 237,"Artificer, Bard, Cleric, Druid, Paladin (Glory), Ranger, Sorcerer, Wizard",
Enlarge / Reduce,level 2,Transmutation,Concentration,1 action,"Concentration, up to 1 minute",30 feet,"M, S, V",(a pinch of powdered iron),PHB 237,"Artificer, Bard, Druid, Sorcerer, Wizard",
Enthrall,level 2,Enchantment,,1 action,1 minute,60 feet,"S, V",,PHB 238,"Bard, Warlock",
Find Steed,level 2,Conjuration,,10 minutes,Instantaneous,30 feet,"S, V",,PHB 240,Paladin,
Find Traps,level 2,Divination,,1 action,Instantaneous,120 feet,"S, V",,PHB 241,"Cleric, Druid, Ranger",
Flame Blade,level 2,Evocation,Concentration,1 bonus action,"Concentration, up to 10 minutes",Self,"M, S, V",(leaf of sumac),PHB 242,"Druid, Sorcerer",
Flaming Sphere,level 2,Conjuration,Concentration,1 action,"Concentration, up to 1 minute",60 feet,"M, S, V","(a bit of tallow, a pinch of brimstone, and a dusting of powdered iron)",PHB 242,"Artificer (Alchemist), Cleric (Light), Druid, Sorcerer, Warlock (Celestial), Wizard",
Fortune's Favor,level 2,Divination,,1 minute,1 hour,60 feet,"M, S, V","a white pearl worth at least 100 gp, which the spell consumes",EGtW,"Wizard (Chronurgy), Wizard (Graviturgy)",
Gentle Repose,level 2,Necromancy,Ritual,1 action,10 days,Touch,"M, S, V","(a pinch of salt and one copper piece placed on each of the corpse’s eyes, which must remain there for the duration)",PHB 245,"Cleric, Cleric (Grave), Paladin, Wizard",
Gust of Wind,level 2,Evocation,Concentration,1 action,"Concentration, up to 1 minute",Self (60-foot line),"M, S, V",(a legume seed),PHB 248,"Cleric (Tempest), Druid, Ranger, Sorcerer, Wizard",
Healing Spirit,level 2,Conjuration,Concentration,1 bonus action,"Concentration, up to 1 minute",60 feet,"S, V",,XGtE 157,"Druid, Ranger",
Heat Metal,level 2,Transmutation,Concentration,1 action,"Concentration, up to 1 minute",60 feet,"M, S, V",(a piece of iron and a flame),PHB 250,"Artificer, Bard, Cleric (Forge), Druid",
Hold Person,level 2,Enchantment,Concentration,1 action,"Concentration, up to 1 minute",60 feet,"M, S, V","(a small, straight piece of iron)",PHB 251,"Bard, Cleric, Cleric (Order), Druid, Druid (Land - Arctic), Paladin (Conquest), Paladin (Redemption), Paladin (Vengeance), Sorcerer, Warlock, Wizard",
Immovable Object,level 2,Transmutation,,1 action,1 hour,Touch,"M, S, V","gold dust worth at least 25 gp, which the spell consumes","EGtW ",Wizard (Graviturgy),
Invisibility,level 2,Illusion,Concentration,1 action,"Concentration, up to 1 hour",Touch,"M, S, V",(an eyelash encased in gum arabic),PHB 254,"Artificer, Bard, Druid (Land - Grassland), Sorcerer, Warlock, Wizard",
Knock,level 2,Transmutation,,1 action,Instantaneous,60 feet,V,,PHB 254,"Bard, Sorcerer, Wizard",
Lesser Restoration,level 2,Abjuration,,1 action,Instantaneous,Touch,"S, V",,PHB 255,"Artificer, Bard, Cleric, Cleric (Life), Druid, Paladin, Paladin (Devotion), Ranger, Warlock (Celestial)",
Levitate,level 2,Transmutation,Concentration,1 action,"Concentration, up to 10 minutes",60 feet,"M, S, V",(either a small leather loop or a piece of golden wire bent into a cup shape with a long shank on one end),PHB 255,"Artificer, Sorcerer, Wizard",
Locate Animals or Plants,level 2,Divination,Ritual,1 action,Instantaneous,Self,"M, S, V",(a bit of fur from a bloodhound),PHB 256,"Bard, Druid, Ranger",
Locate Object,level 2,Divination,Concentration,1 action,"Concentration, up to 10 minutes",Self,"M, S, V",(a forked twig),PHB 256,"Bard, Cleric, Druid, Paladin, Ranger, Wizard",
Magic Mouth,level 2,Illusion,Ritual,1 minute,Until dispelled,30 feet,"M, S, V","(a small bit of honeycomb and jade dust worth at least 10 gp, which the spell consumes)",PHB 257,"Artificer, Bard, Wizard",
Magic Weapon,level 2,Transmutation,Concentration,1 bonus action,"Concentration, up to 1 hour",Touch,"S, V",,PHB 257,"Artificer, Cleric (Arcana), Cleric (Forge), Cleric (War), Paladin, Paladin (Glory), Ranger, Sorcerer, Wizard",
Maximilian’s Earthen Grasp,level 2,Transmutation,Concentration,1 action,"Concentration, up to 1 minute",30 feet,"M, S, V",(a miniature hand sculpted from clay),XGtE 161,"Sorcerer, Wizard",
Melf’s Acid Arrow,level 2,Evocation,,1 action,Instantaneous,90 feet,"M, S, V",(powdered rhubarb leaf and an adder’s stomach),PHB 259,"Artificer (Alchemist), Druid (Land - Swamp), Wizard",
Mind Spike,level 2,Divination,Concentration,1 action,"Concentration, up to 1 hour",60 feet,S,,XGtE 162,"Sorcerer, Warlock, Wizard",
Mirror Image,level 2,Illusion,,1 action,1 minute,Self,"S, V",,PHB 260,"Bard, Cleric (Trickery), Druid (Land - Coast), Sorcerer, Warlock, Wizard",
Misty Step,level 2,Conjuration,,1 bonus action,Instantaneous,Self,V,,PHB 260,"Druid (Land - Coast), Paladin (Ancients), Paladin (Vengeance), Ranger (Horizon Walker), Sorcerer, Warlock, Wizard",
Moonbeam,level 2,Evocation,Concentration,1 action,"Concentration, up to 1 minute",120 feet,"M, S, V",several seeds of any moonseed plant and a piece of opalescent feldspar),PHB 261,"Druid, Paladin (Ancients)",
Nystul’s Magic Aura,level 2,Illusion,,1 action,24 hours,Touch,"M, S, V",(a small square of silk),PHB 263,"Cleric (Arcana), Wizard",
Pass without Trace,level 2,Abjuration,Concentration,1 action,"Concentration, up to 1 hour",Self,"M, S, V",(ashes from a burned leaf of mistletoe and a sprig of spruce),PHB 264,"Cleric (Trickery), Druid, Druid (Land - Grassland), Ranger",
Phantasmal Force,level 2,Illusion,Concentration,1 action,"Concentration, up to 1 minute",60 feet,"M, S, V",(a bit of fleece),PHB 264,"Bard, Sorcerer, Warlock (Archfey), Warlock (Great Old One), Wizard",
Prayer of Healing,level 2,Evocation,,10 minutes,Instantaneous,30 feet,V,,PHB 267,"Cleric, Paladin",
Protection from Poison,level 2,Abjuration,,1 action,1 hour,Touch,"S, V",,PHB 270,"Artificer, Cleric, Druid, Paladin, Ranger",
Pyrotechnics,level 2,Transmutation,,1 action,Instantaneous,60 feet,"S, V",,XGtE 163,"Artificer, Bard, Sorcerer, Wizard",
Ray of Enfeeblement,level 2,Necromancy,Concentration,1 action,"Concentration, up to 1 minute",60 feet,"S, V",,PHB 271,"Cleric (Death), Cleric (Grave), Warlock, Wizard",
Rope Trick,level 2,Transmutation,,1 action,1 hour,Touch,"M, S, V",(powdered corn extract and a twisted loop of parchment),PHB 272,"Artificer, Ranger (Gloom Stalker), Wizard",
Scorching Ray,level 2,Evocation,,1 action,Instantaneous,120 feet,"S, V",,PHB 273,"Artificer (Artillerist), Cleric (Light), Sorcerer, Warlock (Fiend), Wizard",
See Invisibility,level 2,Divination,,1 action,1 hour,Self,"M, S, V",(a pinch of talc and a small sprinkling of powdered silver),PHB 274,"Artificer, Bard, Sorcerer, Wizard",
Shadow Blade,level 2,Illusion,Concentration,1 bonus action,"Concentration, up to 1 minute",Self,"S, V",,XGtE 164,"Sorcerer, Warlock, Wizard",
Shatter,level 2,Evocation,,1 action,Instantaneous,60 feet,"M, S, V",(a chip of mica),PHB 275,"Artificer (Artillerist), Bard, Cleric (Tempest), Sorcerer, Warlock, Wizard",
Silence,level 2,Illusion,"Concentration, Ritual",1 action,"Concentration, up to 10 minutes",120 feet,"S, V",,PHB 275,"Bard, Cleric, Druid (Land - Desert), Ranger, Warlock (Undying)",
Skywrite,level 2,Transmutation,"Concentration, Ritual",1 action,"Concentration, up to 1 hour",Sight,"S, V",,XGtE 165,"Artificer, Bard, Druid, Wizard",
Snilloc’s Snowball Swarm,level 2,Evocation,,1 action,Instantaneous,90 feet,"M, S, V",(a piece of ice or a small white rock chip),XGtE 165,"Sorcerer, Wizard",
Spider Climb,level 2,Transmutation,Concentration,1 action,"Concentration, up to 1 hour",Touch,"M, S, V",(a drop of bitumen and a spider),PHB 277,"Artificer, Druid (Land - Forest), Druid (Land - Mountain), Druid (Land - Underdark), Sorcerer, Warlock, Wizard",
Spike Growth,level 2,Transmutation,Concentration,1 action,"Concentration, up to 10 minutes",150 feet,"M, S, V","(seven sharp thorns or seven small twigs, each sharpened to a point)",PHB 277,"Cleric (Nature), Druid, Druid (Land - Arctic), Druid (Land - Mountain), Ranger",
Spiritual Weapon,level 2,Evocation,,1 bonus action,1 minute,60 feet,"S, V",,PHB 278,"Cleric, Cleric (Life), Cleric (War), Paladin (Conquest)",
Suggestion,level 2,Enchantment,Concentration,1 action,"Concentration, up to 8 hours",30 feet,"M, V",(a snake’s tongue and either a bit of honeycomb or a drop of sweet oil),PHB 279,"Bard, Cleric (Knowledge), Sorcerer, Warlock, Wizard",
Summon Beast,level 2,Conjuration,Concentration,1 action,"Concentration, up to 1 hour",90 feet,"M, S, V","(a feather, tuft of fur, and fish tail inside a gilded acorn worth at least 200 gp)",TCoE 109,"Druid, Ranger",
Tasha's Mind Whip,level 2,Enchantment,,1 action,1 round," 90 feet",V,,TCoE 115,"Sorcerer, Wizard",
Warding Bond,level 2,Abjuration,,1 action,1 hour,Touch,"M, S, V","a pair of platinum rings worth at least 50 gp each, which you and the target must wear for the duration)",PHB 287,"Artificer (Battle Smith), Cleric, Paladin, Paladin (Crown)",
Warding Wind,level 2,Evocation,Concentration,1 action,"Concentration, up to 10 minutes",Self,V,,XGtE 170,"Bard, Druid, Sorcerer, Wizard",
Web,level 2,Conjuration,Concentration,1 action,"Concentration, up to 1 hour",60 feet,"M, S, V",(a bit of spiderweb),PHB 287,"Artificer, Druid (Land - Underdark), Sorcerer, Wizard",
Wrist Pocket,level 2,Conjuration,"Concentration, Ritual",1 action,up to 1 hour,Self,S,,EGtW,"Wizard (Chronurgy), Wizard (Graviturgy)",
Zone of Truth,level 2,Enchantment,,1 action,10 minutes,60 feet,"S, V",,PHB 289,"Bard, Cleric, Cleric (Order), Paladin, Paladin (Crown), Paladin (Devotion), Ranger (Monster Slayer)",
Animate Dead,level 3,Necromancy,,1 minute,Instantaneous,10 feet,"M, S, V","(a drop of blood, a piece of flesh, and a pinch of bone dust)",PHB 212,"Cleric, Cleric (Death), Paladin (Oathbreaker), Wizard",
Aura of Vitality,level 3,Evocation,Concentration,1 action,"Concentration, up to 1 minute",Self (30-foot radius),V,,PHB 216,"Artificer (Battle Smith), Cleric, Druid, Paladin, Paladin (Crown)",
Beacon of Hope,level 3,Abjuration,Concentration,1 action,"Concentration, up to 1 minute",30 feet,"S, V",,PHB 217,"Cleric, Cleric (Life), Paladin (Devotion)",
Bestow Curse,level 3,Necromancy,Concentration,1 action,"Concentration, up to 1 minute",Touch,"S, V",,PHB 218,"Bard, Cleric, Paladin (Conquest), Paladin (Oathbreaker), Wizard",
Blinding Smite,level 3,Evocation,Concentration,1 bonus action,"Concentration, up to 1 minute",Self,V,,PHB 219,Paladin,
Blink,level 3,Transmutation,,1 action,1 minute,Self,"S, V",,PHB 219,"Artificer, Cleric (Trickery), Sorcerer, Warlock (Archfey), Warlock (Hexblade), Wizard",
Call Lightning,level 3,Conjuration,Concentration,1 action,"Concentration, up to 10 minutes",120 feet,"S, V",,PHB 220,"Cleric (Tempest), Druid, Druid (Land - Forest)",
Catnap,level 3,Enchantment,,1 action,10 minutes,30 feet,"M, S",(a pinch of sand),XGtE 151,"Artificer, Bard, Sorcerer, Wizard",
Clairvoyance,level 3,Divination,Concentration,10 minutes,"Concentration, up to 10 minutes",1 mile,"M, S, V","(a focus worth at least 100 gp, either a jeweled horn for hearing or a glass eye for seeing)",PHB 222,"Bard, Cleric, Sorcerer, Warlock (Great Old One), Wizard",
Conjure Animals,level 3,Conjuration,Concentration,1 action,"Concentration, up to 1 hour",60 feet,"S, V",,PHB 255,"Druid, Ranger",
Conjure Barrage,level 3,Conjuration,,1 action,Instantaneous,Self (60-foot cone),"M, S, V",(one piece of ammunition or a thrown weapon),PHB 255,"Artificer (Battle Smith), Ranger",
Counterspell,level 3,Abjuration,,1 reaction,Instantaneous,60 feet,S,,PHB 228,"Paladin (Redemption), Sorcerer, Warlock, Wizard",
Create Food and Water,level 3,Conjuration,,1 action,Instantaneous,30 feet,"S, V",,PHB 229,"Artificer, Cleric, Druid (Land - Desert), Paladin",
Crusader’s Mantle,level 3,Evocation,Concentration,1 action,"Concentration, up to 1 minute",Self,V,,PHB 230,"Cleric (War), Paladin",
Daylight,level 3,Evocation,,1 action,1 hour,60 feet,"S, V",,PHB 230,"Cleric, Cleric (Light), Druid, Druid (Land - Grassland), Paladin, Ranger, Sorcerer, Warlock (Celestial)",
Dispel Magic,level 3,Abjuration,,1 action,Instantaneous,120 feet,"S, V",,PHB 234,"Artificer, Bard, Cleric, Cleric (Arcana), Cleric (Trickery), Druid, Paladin, Paladin (Devotion), Sorcerer, Warlock, Wizard",
Elemental Weapon,level 3,Transmutation,Concentration,1 action,"Concentration, up to 1 hour",Touch,"S, V",,PHB 237,"Artificer, Cleric (Forge), Druid, Paladin, Ranger, Warlock (Hexblade)",
Enemies Abound,level 3,Enchantment,Concentration,1 action,"Concentration, up to 1 minute",120 feet,"S, V",,XGtE 155,"Bard, Sorcerer, Warlock, Wizard",
Erupting Earth,level 3,Transmutation,,1 action,Instantaneous,120 feet,"M, S, V",(a piece of obsidian),XGtE 155,"Druid, Sorcerer, Wizard",
Fear,level 3,Illusion,Concentration,1 action,"Concentration, up to 1 minute",Self (30-foot cone),"M, S, V",(a white feather or the heart of a hen),PHB 239,"Bard, Paladin (Conquest), Ranger (Gloom Stalker), Sorcerer, Warlock, Wizard",
Feign Death,level 3,Necromancy,Ritual,1 action,1 hour,Touch,"M, S, V",(a pinch of graveyard dirt),PHB 240,"Bard, Cleric, Druid, Warlock (Undying), Wizard",
Fireball,level 3,Evocation,,1 action,Instantaneous,150 feet,"M, S, V",(a tiny ball of bat guano and sulfur),PHB 241,"Artificer (Artillerist), Cleric (Light), Sorcerer, Warlock (Fiend), Wizard",
Flame Arrows,level 3,Transmutation,Concentration,1 action,"Concentration, up to 1 hour",Touch,"S, V",,XGtE 156,"Artificer, Druid, Ranger, Sorcerer, Wizard",
Fly,level 3,Transmutation,Concentration,1 action,"Concentration, up to 10 minutes",Touch,"M, S, V",(a wing feather from any bird),PHB 243,"Artificer, Sorcerer, Warlock, Wizard",
Gaseous Form,level 3,Transmutation,Concentration,1 action,"Concentration, up to 1 hour",Touch,"M, S, V",(a bit of gauze and a wisp of smoke),PHB 244,"Artificer (Alchemist), Druid (Land - Underdark), Sorcerer, Warlock, Wizard",
Glyph of Warding,level 3,Abjuration,,1 hour,Until dispelled or triggered,Touch,"M, S, V","(incense and powdered diamond worth at least 200 gp, which the spell consumes)",PHB 245,"Artificer, Bard, Cleric, Wizard",
Haste,level 3,Transmutation,Concentration,1 action,"Concentration, up to 1 minute",30 feet,"M, S, V",(a shaving of licorice root),PHB 250,"Artificer, Druid (Land - Grassland), Paladin (Glory), Paladin (Vengeance), Ranger (Horizon Walker), Sorcerer, Wizard",
Hunger of Hadar,level 3,Conjuration,Concentration,1 action,"Concentration, up to 1 minute",150 feet,"M, S, V",(a pickled octopus tentacle),PHB 251,Warlock,
Hypnotic Pattern,level 3,Illusion,Concentration,1 action,"Concentration, up to 1 minute",120 feet,"M, S",(a glowing stick of incense or a crystal vial filled with phosphorescent material),PHB 252,"Bard, Paladin (Redemption), Sorcerer, Warlock, Wizard",
Intellect Fortress,level 3,Abjuration,Concentration,1 action,"Concentration, up to 1 hour",30 feet,V,,TCoE 107,"Artificer, Bard, Sorcerer, Warlock, Wizard",
Leomund’s Tiny Hut,level 3,Evocation,Ritual,1 minute,8 hours,Self (10-foot-radius hemisphere),"M, S, V",(a small crystal bead),PHB 255,"Bard, Wizard",
Life Transference,level 3,Necromancy,,1 action,Instantaneous,30 feet,"S, V",,XGtE 160,"Cleric, Wizard",
Lightning Arrow,level 3,Transmutation,Concentration,1 bonus action,"Concentration, up to 1 minute",Self,"S, V",,PHB 255,Ranger,
Lightning Bolt,level 3,Evocation,,1 action,Instantaneous,Self (100-foot line),"M, S, V","(a bit of fur and a rod of amber, crystal, or glass)",PHB 255,"Druid (Land - Mountain), Sorcerer, Wizard",
Magic Circle,level 3,Abjuration,,1 minute,1 hour,10 feet,"M, S, V","(holy water or powdered silver and iron worth at least 100 gp, which the spell consumes)",PHB 256,"Cleric, Cleric (Arcana), Paladin, Ranger (Monster Slayer), Warlock, Wizard",
Major Image,level 3,Illusion,Concentration,1 action,"Concentration, up to 10 minutes",120 feet,"M, S, V",(a bit of fleece),PHB 258,"Bard, Sorcerer, Warlock, Wizard",
Mass Healing Word,level 3,Evocation,,1 bonus action,Instantaneous,60 feet,V,,PHB 258,"Artificer (Alchemist), Bard, Cleric, Cleric (Order)",
Meld into Stone,level 3,Transmutation,Ritual,1 action,8 hours,Touch,"S, V",,PHB 259,"Cleric, Druid, Druid (Land - Mountain), Ranger",
Melf’s Minute Meteors,level 3,Evocation,Concentration,1 action,"Concentration, up to 10 minutes",Self,"M, S, V","(niter, sulfur, and pine tar formed into a bead)",XGtE 161,"Sorcerer, Wizard",
Nondetection,level 3,Abjuration,,1 action,8 hours,Touch,"M, S, V","(a pinch of diamond dust worth 25 gp sprinkled over the target, which the spell consumes)",PHB 263,"Bard, Cleric (Knowledge), Ranger, Wizard",
Phantom Steed,level 3,Illusion,Ritual,1 minute,1 hour,30 feet,"S, V",,PHB 265,Wizard,
Plant Growth,level 3,Transmutation,,1 action or 8 hours,Instantaneous,150 feet,"S, V",,PHB 266,"Bard, Cleric (Nature), Druid, Druid (Land - Forest), Paladin (Ancients), Ranger, Warlock (Archfey)",
Protection from Energy,level 3,Abjuration,Concentration,1 action,"Concentration, up to 1 hour",Touch,"S, V",,PHB 270,"Artificer, Cleric, Cleric (Forge), Druid, Druid (Land - Desert), Paladin (Ancients), Paladin (Glory), Paladin (Vengeance), Ranger, Sorcerer, Wizard",
Pulse Wave,level 3,Evocation,,1 action,Instantaneous,Self,"S, V",,EGtW,"Wizard (Chronurgy), Wizard (Graviturgy)",
Remove Curse,level 3,Abjuration,,1 action,Instantaneous,Touch,"S, V",,PHB 271,"Cleric, Paladin, Warlock, Wizard",
Revivify,level 3,Necromancy,,1 action,Instantaneous,Touch,"M, S, V","(diamonds worth 300 gp, which the spell consumes)",PHB 272,"Artificer, Cleric, Cleric (Grave), Cleric (Life), Druid, Paladin, Ranger, Warlock (Celestial)",
Sending,level 3,Evocation,,1 action,1 round,Unlimited,"M, S, V",(a short piece of fine copper wire),PHB 274,"Bard, Cleric, Warlock (Great Old One), Wizard",
Sleet Storm,level 3,Conjuration,Concentration,1 action,"Concentration, up to 1 minute",150 feet,"M, S, V",(a pinch of dust and a few drops of water),PHB 276,"Cleric (Tempest), Druid, Druid (Land - Arctic), Sorcerer, Wizard",
Slow,level 3,Transmutation,Concentration,1 action,"Concentration, up to 1 minute",120 feet,"M, S, V",(a drop of molasses),PHB 277,"Bard, Cleric (Order), Druid (Land - Arctic), Sorcerer, Wizard",
Speak with Dead,level 3,Necromancy,,1 action,10 minutes,10 feet,"M, S, V",(burning incense),PHB 277,"Bard, Cleric, Cleric (Knowledge), Warlock (Undying), Wizard",
Speak with Plants,level 3,Transmutation,,1 action,10 minutes,Self (30-foot radius),"S, V",,PHB 277,"Bard, Druid, Ranger",
Spirit Guardians,level 3,Conjuration,Concentration,1 action,"Concentration, up to 10 minutes",Self (15-foot radius),"M, S, V",(a holy symbol),PHB 278,"Cleric, Cleric (War), Paladin (Crown)",
Spirit Shroud,level 3,Necromancy,Concentration,1 bonus action,"Concentration, up to 1 minute",Self,"S, V",,TCoE 108,"Cleric, Paladin, Warlock, Wizard",
Stinking Cloud,level 3,Conjuration,Concentration,1 action,"Concentration, up to 1 minute",90 feet,"M, S, V",(a rotten egg or several skunk cabbage leaves),PHB 278,"Bard, Druid (Land - Swamp), Druid (Land - Underdark), Sorcerer, Warlock (Fiend), Wizard",
Summon Fey,level 3,Conjuration,Concentration,1 action,"Concentration, up to 1 hour",90 feet,"M, S, V",(a gilded flower worth at least 300 gp),TCoE 112,"Druid, Ranger, Warlock, Wizard",
Summon Lesser Demon,level 3,Conjuration,Concentration,1 action,"Concentration, up to 1 hour",60 feet,"M, S, V",(a vial of blood from a humanoid killed within the past 24 hours),XGtE 167,"Warlock, Wizard",
Summon Shadowspawn,level 3,Conjuration,Concentration,1 action,"Concentration, up to 1 hour",90 feet,"M, S, V",(tears inside a gem worth at least 300 gp),TCoE 113,"Warlock, Wizard",
Summon Undead,level 3,Conjuration,Concentration,1 action,"Concentration, up to 1 hour",90 feet,"M, S, V",(a gilded skull worth at least 300 gp),TCoE 114,"Warlock, Wizard",
Thunder Step,level 3,Conjuration,,1 action,Instantaneous,90 feet,V,,XGtE 168,"Sorcerer, Warlock, Wizard",
Tidal Wave,level 3,Conjuration,,1 action,Instantaneous,120 feet,"M, S, V",(a drop of water),XGtE 168,"Druid, Sorcerer, Wizard",
Tiny Servant,level 3,Conjuration,,1 minute,8 hours,Touch,"S, V",,XGtE 168,"Artificer, Wizard",
Tongues,level 3,Divination,,1 action,1 hour,Touch,"M, V",(a small clay model of a ziggurat),PHB 283,"Bard, Cleric, Sorcerer, Warlock, Wizard",
Vampiric Touch,level 3,Necromancy,Concentration,1 action,"Concentration, up to 1 minute",Self,"S, V",,PHB 285,"Cleric (Death), Cleric (Grave), Sorcerer, Warlock, Wizard",
Wall of Sand,level 3,Evocation,Concentration,1 action,"Concentration, up to 10 minutes",90 feet,"M, S, V",(a handful of sand),XGtE 170,Wizard,
Wall of Water,level 3,Evocation,Concentration,1 action,"Concentration, up to 10 minutes",60 feet,"M, S, V",(a drop of water),XGtE 170,"Druid, Sorcerer, Wizard",
Water Breathing,level 3,Transmutation,Ritual,1 action,24 hours,30 feet,"M, S, V",(a short reed or piece of straw),PHB 287,"Artificer, Druid, Druid (Land - Coast), Ranger, Sorcerer, Wizard",
Water Walk,level 3,Transmutation,Ritual,1 action,1 hour,30 feet,"M, S, V",(a piece of cork),PHB 287,"Artificer, Cleric, Druid, Druid (Land - Coast), Druid (Land - Swamp), Ranger, Sorcerer",
Wind Wall,level 3,Evocation,Concentration,1 action,"Concentration, up to 1 minute",120 feet,"M, S, V",(a tiny fan and a feather of exotic origin),PHB 288,"Artificer (Artillerist), Cleric (Nature), Druid, Ranger",
Arcane Eye,level 4,Divination,Concentration,1 action,"Concentration, up to 1 hour",30 feet,"M, S, V",(a bit of bat fur),PHB 214,"Artificer, Cleric (Arcana), Cleric (Knowledge), Wizard",
Aura of Life,level 4,Abjuration,Concentration,1 action,"Concentration, up to 10 minutes",Self (30-foot radius),V,,PHB 216,"Cleric, Paladin, Warlock (Undying)",
Aura of Purity,level 4,Abjuration,Concentration,1 action,"Concentration, up to 10 minutes",Self (30-foot radius),V,,PHB 216,"Artificer (Battle Smith), Cleric, Paladin",
Banishment,level 4,Abjuration,Concentration,1 action,"Concentration, up to 1 minute",60 feet,"M, S, V",(an item distasteful to the target),PHB 217,"Cleric, Paladin, Paladin (Crown), Paladin (Vengeance), Ranger (Horizon Walker), Ranger (Monster Slayer), Sorcerer, Warlock, Wizard",
Blight,level 4,Necromancy,,1 action,Instantaneous,30 feet,"S, V",,PHB 219,"Artificer (Alchemist), Cleric (Death), Cleric (Grave), Druid, Druid (Land - Desert), Paladin (Oathbreaker), Sorcerer, Warlock, Wizard",
Charm Monster,level 4,Enchantment,,1 action,1 hour,30 feet,"S, V",,XGtE 151,"Bard, Druid, Sorcerer, Warlock, Wizard",
Compulsion,level 4,Enchantment,Concentration,1 action,"Concentration, up to 1 minute",30 feet,"S, V",,PHB 224,"Bard, Cleric (Order), Paladin (Glory)",
Confusion,level 4,Enchantment,Concentration,1 action,"Concentration, up to 1 minute",90 feet,"M, S, V",(three nut shells),PHB 224,"Bard, Cleric (Knowledge), Druid, Paladin (Oathbreaker), Sorcerer, Wizard",
Conjure Minor Elementals,level 4,Conjuration,Concentration,1 minute,"Concentration, up to 1 hour",90 feet,"S, V",,PHB 226,"Druid, Wizard",
Conjure Woodland Beings,level 4,Conjuration,Concentration,1 action,"Concentration, up to 1 hour",60 feet,"M, S, V",(one holly berry per creature summoned),PHB 226,"Druid, Ranger",
Control Water,level 4,Transmutation,Concentration,1 action,"Concentration, up to 10 minutes",300 feet,"M, S, V",(a drop of water and a pinch of dust),PHB 227,"Cleric, Cleric (Tempest), Druid, Druid (Land - Coast), Wizard",
Death Ward,level 4,Abjuration,,1 action,8 hours,Touch,"S, V",,PHB 230,"Artificer (Alchemist), Cleric, Cleric (Death), Cleric (Grave), Cleric (Life), Paladin, Warlock (Undying)",
Dimension Door,level 4,Conjuration,,1 action,Instantaneous,500 feet,V,,PHB 233,"Bard, Cleric (Trickery), Paladin (Vengeance), Sorcerer, Warlock, Wizard",
Divination,level 4,Divination,Ritual,1 action,Instantaneous,Self,"M, S, V","(incense and a sacrificial offering appropriate to your religion, together worth at least 25 gp, which the spell consumes)",PHB 234,"Cleric, Druid, Druid (Land - Forest), Druid (Land - Grassland), Wizard",
Dominate Beast,level 4,Enchantment,Concentration,1 bonus action,"Concentration, up to 1 minute",60 feet,"S, V",,PHB 234,"Cleric (Nature), Druid, Paladin (Conquest), Ranger, Sorcerer, Warlock (Archfey), Warlock (Great Old One)",
Elemental Bane,level 4,Transmutation,Concentration,1 action,"Concentration, up to 1 minute",90 feet,"S, V",,XGtE 155,"Artificer, Druid, Warlock, Wizard",
Evard’s Black Tentacles,level 4,Conjuration,Concentration,1 action,"Concentration, up to 1 minute",90 feet,"M, S, V",(a piece of tentacle from a giant octopus or a giant squid),PHB 238,"Warlock (Great Old One), Wizard",
Fabricate,level 4,Transmutation,,10 minutes,Instantaneous,120 feet,"S, V",,PHB 239,"Artificer, Cleric (Forge), Wizard",
Find Greater Steed,level 4,Conjuration,,10 minutes,Instantaneous,30 feet,"S, V",,XGtE 156,Paladin,
Fire Shield,level 4,Evocation,,1 action,10 minutes,Self,"M, S, V",(a bit of phosphorus or a firefly),PHB 242,"Artificer (Battle Smith), Druid, Sorcerer, Warlock (Fiend), Wizard",
Freedom of Movement,level 4,Abjuration,,1 action,1 hour,Touch,"M, S, V","(a leather strap, bound around the arm or a similar appendage)",PHB 244,"Artificer, Bard, Cleric, Cleric (War), Druid, Druid (Land - Arctic), Druid (Land - Coast), Druid (Land - Forest), Druid (Land - Grassland), Druid (Land - Swamp), Paladin (Devotion), Paladin (Glory), Ranger",
Giant Insect,level 4,Transmutation,Concentration,1 action,"Concentration, up to 10 minutes",30 feet,"S, V",,PHB 245,Druid,
Grasping Vine,level 4,Conjuration,Concentration,1 bonus action,"Concentration, up to 1 minute",30 feet,"S, V",,PHB 246,"Cleric (Nature), Druid, Ranger",
Gravity Sinkhole,level 4,Evocation,,1 action,Instantaneous,120 feet,"M, S, V",a black marble,EGtW,Wizard (Graviturgy),
Greater Invisibility,level 4,Illusion,Concentration,1 action,"Concentration, up to 1 minute",Touch,"S, V",,PHB 246,"Bard, Druid (Land - Underdark), Ranger (Gloom Stalker), Sorcerer, Warlock (Archfey), Wizard",
Guardian of Faith,level 4,Conjuration,,1 action,8 hours,30 feet,V,,PHB 246,"Cleric, Cleric (Life), Cleric (Light), Paladin (Crown), Paladin (Devotion), Warlock (Celestial)",
Guardian of Nature,level 4,Transmutation,Concentration,1 bonus action,"Concentration, up to 1 minute",Self,V,,XGtE 157,"Druid, Ranger",
Hallucinatory Terrain,level 4,Illusion,,10 minutes,24 hours,300 feet,"M, S, V","(a stone, a twig, and a bit of green plant)",PHB 249,"Bard, Druid, Druid (Land - Desert), Warlock, Wizard",
Ice Storm,level 4,Evocation,,1 action,Instantaneous,300 feet,"M, S, V",(a pinch of dust and a few drops of water),PHB 252,"Artificer (Artillerist), Cleric (Tempest), Druid, Druid (Land - Arctic), Paladin (Ancients), Sorcerer, Wizard",
Leomund’s Secret Chest,level 4,Conjuration,,1 action,Instantaneous,Touch,"M, S, V","(an exquisite chest, 3 feet by 2 feet by 2 feet, constructed from rare materials worth at least 5,000 gp, and a Tiny replica made from the same materials worth at least 50 gp)",PHB 254,"Artificer, Cleric (Arcana), Wizard",
Locate Creature,level 4,Divination,Concentration,1 action,"Concentration, up to 1 hour",Self,"M, S, V",(a bit of fur from a bloodhound),PHB 256,"Bard, Cleric, Cleric (Order), Druid, Druid (Land - Swamp), Paladin, Ranger",
Mordenkainen’s Faithful Hound,level 4,Conjuration,,1 action,8 hours,30 feet,"M, S, V","(a tiny silver whistle, a piece of bone, and a thread)",PHB 261,"Artificer, Wizard",
Mordenkainen’s Private Sanctum,level 4,Abjuration,,10 minutes,24 hours,120 feet,"M, S, V","(a thin sheet of lead, a piece of opaque glass, a wad of cotton or cloth, and powdered chrysolite)",PHB 262,"Artificer, Wizard",
Otiluke’s Resilient Sphere,level 4,Evocation,Concentration,1 action,"Concentration, up to 1 minute",30 feet,"M, S, V",(a hemispherical piece of clear crystal and a matching hemispherical piece of gum arabic),PHB 264,"Artificer, Paladin (Redemption), Wizard",
Phantasmal Killer,level 4,Illusion,Concentration,1 action,"Concentration, up to 1 minute",120 feet,"S, V",,PHB 265,"Bard, Warlock (Hexblade), Wizard",
Polymorph,level 4,Transmutation,Concentration,1 action,"Concentration, up to 1 hour",60 feet,"M, S, V",(a caterpillar cocoon),PHB 266,"Bard, Cleric (Trickery), Druid, Sorcerer, Wizard",
Shadow of Moil,level 4,Necromancy,Concentration,1 action,"Concentration, up to 1 minute",Self,"M, S, V",(an undead eyeball encased in a gem worth at least 150 gp),XGtE 164,Warlock,
Sickening Radiance,level 4,Evocation,Concentration,1 action,"Concentration, up to 10 minutes",120 feet,"S, V",,XGtE 164,"Sorcerer, Warlock, Wizard",
Staggering Smite,level 4,Evocation,Concentration,1 bonus action,"Concentration, up to 1 minute",Self,V,,PHB 278,"Paladin, Warlock (Hexblade)",
Stone Shape,level 4,Transmutation,,1 action,Instantaneous,Touch,"M, S, V","(soft clay, which must be worked into roughly the desired shape of the stone object)",PHB 278,"Artificer, Cleric, Druid, Druid (Land - Mountain), Druid (Land - Underdark), Wizard",
Stoneskin,level 4,Abjuration,Concentration,1 action,"Concentration, up to 1 hour",Touch,"M, S, V","(diamond dust worth 100 gp, which the spell consumes)",PHB 278,"Artificer, Cleric (War), Druid, Druid (Land - Mountain), Paladin (Ancients), Paladin (Conquest), Paladin (Redemption), Ranger, Sorcerer, Wizard",
Storm Sphere,level 4,Evocation,Concentration,1 action,"Concentration, up to 1 minute",150 feet,"S, V",,XGtE 166,"Sorcerer, Wizard",
Summon Aberration,level 4,Conjuration,Concentration,1 action,"Concentration, up to 1 hour",90 feet,"M, S, V",(a pickled tentacle and an eyeball in a platinum-inlaid vial worth at least 400 gp),TCoE 109,"Warlock, Wizard",
Summon Construct,level 4,Conjuration,Concentration,1 action,"Concentration, up to 1 hour",90 feet,"M, S, V",(an ornate stone and metal lockbox worth at least 400 gp),TCoE 111,"Artificer, Wizard",
Summon Elemental,level 4,Conjuration,Concentration,1 action,"Concentration, up to 1 hour",90 feet,"M, S, V","(air, a pebble, ash, and water insdie a gold-inlaid vial worth at least 400 gp)",TCoE 111,"Druid, Ranger, Wizard",
Summon Greater Demon,level 4,Conjuration,Concentration,1 action,"Concentration, up to 1 hour",60 feet,"M, S, V",(a vial of blood from a humanoid killed within the past 24 hours),XGtE 166,"Warlock, Wizard",
Vitriolic Sphere,level 4,Evocation,,1 action,Instantaneous,150 feet,"M, S, V",(a drop of giant slug bile),XGtE 170,"Sorcerer, Wizard",
Wall of Fire,level 4,Evocation,Concentration,1 action,"Concentration, up to 1 minute",120 feet,"M, S, V",(a small piece of phosphorus),PHB 285,"Artificer (Artillerist), Cleric (Forge), Cleric (Light), Druid, Sorcerer, Warlock (Celestial), Warlock (Fiend), Wizard",
Watery Sphere,level 4,Conjuration,Concentration,1 action,"Concentration, up to 1 minute",90 feet,"M, S, V",(a droplet of water),XGtE 170,"Druid, Sorcerer, Wizard",
Animate Objects,level 5,Transmutation,Concentration,1 action,"Concentration, up to 1 minute",120 feet,"S, V",,PHB 213,"Artificer, Bard, Cleric (Forge), Sorcerer, Wizard",
Antilife Shell,level 5,Abjuration,Concentration,1 action,"Concentration, up to 1 hour",Self (10-foot radius),"S, V",,PHB 213,"Cleric (Death), Cleric (Grave), Druid",
Awaken,level 5,Transmutation,,8 hours,Instantaneous,Touch,"M, S, V","(an agate worth at least 1,000 gp, which the spell consumes)",PHB 216,"Bard, Druid",
Banishing Smite,level 5,Abjuration,Concentration,1 bonus action,"Concentration, up to 1 minute",Self,V,,PHB 216,"Artificer (Battle Smith), Paladin, Warlock (Hexblade)",
Bigby’s Hand,level 5,Evocation,Concentration,1 action,"Concentration, up to 1 minute",120 feet,"M, S, V",(an eggshell and a snakeskin glove),PHB 218,"Artificer, Sorcerer, Wizard",
Circle of Power,level 5,Abjuration,Concentration,1 action,"Concentration, up to 10 minutes",Self (30-foot radius),V,,PHB 221,"Paladin, Paladin (Crown)",
Cloudkill,level 5,Conjuration,Concentration,1 action,"Concentration, up to 10 minutes",120 feet,"S, V",,PHB 222,"Artificer (Alchemist), Cleric (Death), Druid (Land - Underdark), Paladin (Conquest), Sorcerer, Wizard",
Commune,level 5,Divination,Ritual,1 minute,1 minute,Self,"M, S, V",(incense and a vial of holy or unholy water),PHB 223,"Cleric, Cleric (Order), Paladin (Devotion), Paladin (Glory)",
Commune with Nature,level 5,Divination,Ritual,1 minute,Instantaneous,Self,"S, V",,PHB 224,"Druid, Druid (Land - Arctic), Druid (Land - Forest), Paladin (Ancients), Ranger",
Cone of Cold,level 5,Evocation,,1 action,Instantaneous,Self (60-foot cone),"M, S, V",(a small crystal or glass cone),PHB 224,"Artificer (Artillerist), Druid, Druid (Land - Arctic), Sorcerer, Warlock (Hexblade), Wizard",
Conjure Elemental,level 5,Conjuration,Concentration,1 minute,"Concentration, up to 1 hour",90 feet,"M, S, V","(burning incense for air, soft clay for earth, sulfur and phosphorus for fire, or water and sand for water)",PHB 255,"Druid, Druid (Land - Coast), Wizard",
Conjure Volley,level 5,Conjuration,,1 action,Instantaneous,150 feet,"M, S, V",(one piece of ammunition or one thrown weapon),PHB 226,Ranger,
Contact Other Plane,level 5,Divination,Ritual,1 minute,1 minute,Self,V,,PHB 226,"Warlock, Wizard",
Contagion,level 5,Necromancy,,1 action,7 days,Touch,"S, V",,PHB 227,"Cleric, Druid, Paladin (Oathbreaker), Warlock (Undying)",
Control Winds,level 5,Transmutation,Concentration,1 action,"Concentration, up to 1 hour",300 feet,"S, V",,XGtE 152,"Druid, Sorcerer, Wizard",
Creation,level 5,Illusion,,1 minute,Special,30 feet,"M, S, V",(a tiny piece of matter of the same type of the item you plan to create),PHB 229,"Artificer, Cleric (Forge), Sorcerer, Wizard",
Danse Macabre,level 5,Necromancy,Concentration,1 action,"Concentration, up to 1 hour",60 feet,"S, V",,XGtE 153,"Warlock, Wizard",
Dawn,level 5,Evocation,Concentration,1 action,"Concentration, up to 1 minute",60 feet,"M, S, V",(a sunburst pendant worth at least 100 gp),XGtE 153,"Cleric, Wizard",
Destructive Wave,level 5,Evocation,,1 action,Instantaneous,Self (30-foot radius),V,,PHB 231,"Cleric (Tempest), Paladin",
Dispel Evil and Good,level 5,Abjuration,Concentration,1 action,"Concentration, up to 1 minute",Self,"M, S, V",(holy water or powdered silver and iron),PHB 233,"Cleric, Paladin",
Dominate Person,level 5,Enchantment,Concentration,1 action,"Concentration, up to 1 minute",60 feet,"S, V",,PHB 235,"Bard, Cleric (Order), Cleric (Trickery), Paladin (Conquest), Paladin (Oathbreaker), Sorcerer, Warlock (Archfey), Warlock (Great Old One), Wizard",
Dream,level 5,Illusion,,1 minute,8 hours,Special,"M, S, V","(a handful of sand, a dab of ink, and a writing quill plucked from a sleeping bird)",PHB 236,"Bard, Druid (Land - Grassland), Warlock, Wizard",
Enervation,level 5,Necromancy,Concentration,1 action,"Concentration, up to 1 minute",60 feet,"S, V",,XGtE 155,"Sorcerer, Warlock, Wizard",
Far Step,level 5,Conjuration,Concentration,1 bonus action,"Concentration, up to 1 minute",Self,V,,XGtE 155,"Sorcerer, Warlock, Wizard",
Flame Strike,level 5,Evocation,,1 action,Instantaneous,60 feet,"M, S, V",(pinch of sulfur),PHB 242,"Cleric, Cleric (Light), Cleric (War), Paladin (Devotion), Paladin (Glory), Warlock (Celestial), Warlock (Fiend)",
Geas,level 5,Enchantment,,1 minute,30 days,60 feet,V,,PHB 244,"Bard, Cleric, Druid, Paladin, Paladin (Crown), Wizard",
Greater Restoration,level 5,Abjuration,,1 action,Instantaneous,Touch,"M, S, V","(diamond dust worth at least 100 gp, which the spell consumes)",PHB 246,"Artificer, Bard, Cleric, Druid, Warlock (Celestial)",
Hallow,level 5,Evocation,,24 hours,Until dispelled,Touch,"M, S, V","(herbs, oils, and incense worth at least 1,000 gp, which the spell consumes)",PHB 249,"Cleric, Warlock (Fiend)",
Hold Monster,level 5,Enchantment,Concentration,1 action,"Concentration, up to 1 minute",90 feet,"M, S, V","(a small, straight piece of iron)",PHB 251,"Bard, Cleric (War), Paladin (Redemption), Paladin (Vengeance), Ranger (Monster Slayer), Sorcerer, Warlock, Wizard",
Holy Weapon,level 5,Evocation,Concentration,1 bonus action,"Concentration, up to 1 hour",Touch,"S, V",,XGtE 157,"Cleric, Paladin",
Immolation,level 5,Evocation,Concentration,1 action,"Concentration, up to 1 minute",90 feet,V,,XGtE 158,"Sorcerer, Wizard",
Infernal Calling,level 5,Conjuration,Concentration,1 minute,"Concentration, up to 1 hour",90 feet,"M, S, V",(a ruby worth at least 999 gp),XGtE 158,"Warlock, Wizard",
Insect Plague,level 5,Conjuration,Concentration,1 action,"Concentration, up to 10 minutes",300 feet,"M, S, V","(a few grains of sugar, some kernels of grain, and a smear of fat)",PHB 254,"Cleric, Cleric (Nature), Cleric (Tempest), Druid, Druid (Land - Desert), Druid (Land - Forest), Druid (Land - Grassland), Druid (Land - Swamp), Druid (Land - Underdark), Sorcerer",
Legend Lore,level 5,Divination,,10 minutes,Instantaneous,Self,"M, S, V","(incense worth at least 250 gp, which the spell consumes, and four ivory strips worth at least 50 gp each)",PHB 254,"Bard, Cleric, Cleric (Knowledge), Warlock (Undying), Wizard",
Maelstrom,level 5,Evocation,Concentration,1 action,"Concentration, up to 1 minute",120 feet,"M, S, V",(paper or leaf in the shape of a funnel),XGtE 160,Druid,
Mass Cure Wounds,level 5,Evocation,,1 action,Instantaneous,60 feet,"S, V",,PHB 258,"Artificer (Battle Smith), Bard, Cleric, Cleric (Life), Druid",
Mislead,level 5,Illusion,Concentration,1 action,"Concentration, up to 1 hour",Self,S,,PHB 260,"Bard, Warlock, Wizard",
Modify Memory,level 5,Enchantment,Concentration,1 action,"Concentration, up to 1 minute",30 feet,"S, V",,PHB 261,"Bard, Cleric (Trickery), Wizard",
Negative Energy Flood,level 5,Necromancy,,1 action,Instantaneous,60 feet,"M, V",(a broken bone and a square of black silk),XGtE 163,"Warlock, Wizard",
Passwall,level 5,Transmutation,,1 action,1 hour,30 feet,"M, S, V",(a pinch of sesame seeds),PHB 264,"Druid (Land - Mountain), Wizard",
Planar Binding,level 5,Abjuration,,1 hour,24 hours,60 feet,"M, S, V","(a jewel worth at least 1,000 gp, which the spell consumes)",PHB 265,"Bard, Cleric, Cleric (Arcana), Druid, Warlock, Wizard",
Raise Dead,level 5,Necromancy,,1 hour,Instantaneous,Touch,"M, S, V","(a diamond worth at least 500 gp, which the spell consumes)",PHB 270,"Artificer (Alchemist), Bard, Cleric, Cleric (Grave), Cleric (Life), Paladin",
Rary’s Telepathic Bond,level 5,Divination,Ritual,1 action,1 hour,30 feet,"M, S, V",(pieces of eggshell from two different kinds of creatures),PHB 270,"Bard, Wizard",
Reincarnate,level 5,Transmutation,,1 hour,Instantaneous,Touch,"M, S, V","(rare oils and unguents worth at least 1,000 gp, which the spell consumes)",PHB 271,Druid,
Scrying,level 5,Divination,Concentration,10 minutes,"Concentration, up to 10 minutes",Self,"M, S, V","(a focus worth at least 1,000 gp, such as a crystal ball, a silver mirror, or a font filled with holy water)",PHB 273,"Bard, Cleric, Cleric (Knowledge), Cleric (Light), Druid, Druid (Land - Coast), Druid (Land - Swamp), Paladin (Vengeance), Warlock, Wizard",
Seeming,level 5,Illusion,,1 action,8 hours,30 feet,"S, V",,PHB 274,"Bard, Ranger (Gloom Stalker), Sorcerer, Warlock (Archfey), Wizard",
Skill Empowerment,level 5,Transmutation,Concentration,1 action,"Concentration, up to 1 hour",Touch,"S, V",,XGtE 165,"Artificer, Bard, Sorcerer, Wizard",
Steel Wind Strike,level 5,Conjuration,,1 action,Instantaneous,30 feet,"M, S",(a melee weapon worth at least 1 sp),XGtE 166,"Ranger, Wizard",
Summon Celestial,level 5,Conjuration,Concentration,1 action,"Concentration, up to 1 hour",90 feet,"M, S, V",(a golden reliquary worth at least 500 gp),TCoE 110,"Cleric, Paladin",
Swift Quiver,level 5,Transmutation,Concentration,1 bonus action,"Concentration, up to 1 minute",Touch,"M, S, V",(a quiver containing at least one piece of ammunition),PHB 279,Ranger,
Synaptic Static,level 5,Enchantment,,1 action,Instantaneous,120 feet,"S, V",,XGtE 167,"Bard, Sorcerer, Warlock, Wizard",
Telekinesis,level 5,Transmutation,Concentration,1 action,"Concentration, up to 10 minutes",60 feet,"S, V",,PHB 280,"Sorcerer, Warlock (Great Old One), Wizard",
Teleportation Circle,level 5,Conjuration,,1 minute,1 round,10 feet,"M, V","(rare chalks and inks infused with precious gems worth 50 gp, which the spell consumes)",PHB 282,"Bard, Cleric (Arcana), Ranger (Horizon Walker), Sorcerer, Warlock, Wizard",
Temporal Shunt,level 5,Transmutation,,1 reaction,1 round,120 feet,"S, V",,EGtW,Wizard (Chronurgy),
Transmute Rock,level 5,Transmutation,,1 action,Until dispelled,120 feet,"M, S, V",(clay and water),XGtE 169,"Artificer, Druid, Wizard",
Tree Stride,level 5,Conjuration,Concentration,1 action,"Concentration, up to 1 minute",Self,"S, V",,PHB 283,"Cleric (Nature), Druid, Paladin (Ancients), Ranger",
Wall of Force,level 5,Evocation,Concentration,1 action,"Concentration, up to 10 minutes",120 feet,"M, S, V",(a pinch of powder made by crushing a clear gemstone),PHB 285,"Artificer (Artillerist), Paladin (Redemption), Wizard",
Wall of Light,level 5,Evocation,Concentration,1 action,"Concentration, up to 10 minutes",120 feet,"M, S, V",(a hand mirror),XGtE 170,"Sorcerer, Warlock, Wizard",
Wall of Stone,level 5,Evocation,Concentration,1 action,"Concentration, up to 10 minutes",120 feet,"M, S, V",(a small block of granite),PHB 287,"Artificer, Druid, Druid (Land - Desert), Druid (Land - Mountain), Sorcerer, Wizard",
Wrath of Nature,level 5,Evocation,Concentration,1 action,"Concentration, up to 1 minute",120 feet,"S, V",,XGtE 171,"Druid, Ranger",
Arcane Gate,level 6,Conjuration,Concentration,1 action,"Concentration, up to 10 minutes",500 feet,"S, V",,PHB 214,"Sorcerer, Warlock, Wizard",
Blade Barrier,level 6,Evocation,Concentration,1 action,"Concentration, up to 10 minutes",90 feet,"S, V",,PHB 218,Cleric,
Bones of the Earth,level 6,Transmutation,,1 action,Instantaneous,120 feet,"S, V",,XGtE 150,Druid,
Chain Lightning,level 6,Evocation,,1 action,Instantaneous,150 feet,"M, S, V","(a bit of fur; a piece of amber, glass, or a crystal rod; and three silver pins)",PHB 221,"Sorcerer, Wizard",
Circle of Death,level 6,Necromancy,,1 action,Instantaneous,150 feet,"M, S, V",(the powder of a crushed black pearl worth at least 500 gp),PHB 221,"Cleric, Sorcerer, Warlock, Wizard",
Conjure Fey,level 6,Conjuration,Concentration,1 minute,"Concentration, up to 1 hour",90 feet,"S, V",,PHB 226,"Druid, Warlock",
Contingency,level 6,Evocation,,10 minutes,10 days,Self,"M, S, V","(a statuette of yourself carved from ivory and decorated with gems worth at least 1,500 gp)",PHB 227,Wizard,
Create Homunculus,level 6,Transmutation,,1 hour,Instantaneous,Touch,"M, S, V","(clay, ash, and mandrake root, all of which the spell consumes, and a jewel-encrusted dagger worth at least 1,000 gp)",XGtE 151,Wizard,
Create Undead,level 6,Necromancy,,1 minute,Instantaneous,10 feet,"M, S, V","(one clay pot filled with grave dirt, one clay pot filled with brackish water, and one 150 gp black onyx stone for each corpse)",PHB 229,"Warlock, Wizard",
Disintegrate,level 6,Transmutation,,1 action,Instantaneous,60 feet,"M, S, V",(a lodestone and a pinch of dust),PHB 233,"Sorcerer, Wizard",
Drawmij’s Instant Summons,level 6,Conjuration,Ritual,1 minute,Until dispelled,Touch,"M, S, V","(a sapphire worth 1,000 gp)",PHB 235,Wizard,
Druid Grove,level 6,Abjuration,,10 minutes,24 hours,Touch,"M, S, V","(a mistletoe, which the spell consumes, that was harvested with a golden sickle under the light of a full moon)",XGtE 154,Druid,
Eyebite,level 6,Necromancy,Concentration,1 action,"Concentration, up to 1 minute",Self,"S, V",,PHB 238,"Bard, Sorcerer, Warlock, Wizard",
Find the Path,level 6,Divination,Concentration,1 minute,"Concentration, up to 1 day",Self,"M, S, V","(a set of divinatory tools—such as bones, ivory sticks, cards, teeth, or carved runes— worth 100 gp and an object from the location you wish to find)",PHB 240,"Bard, Cleric, Druid",
Flesh to Stone,level 6,Transmutation,Concentration,1 action,"Concentration, up to 1 minute",60 feet,"M, S, V","(a pinch of lime, water, and earth)",PHB 243,"Druid, Sorcerer, Warlock, Wizard",
Forbiddance,level 6,Abjuration,Ritual,10 minutes,1 day,Touch,"M, S, V","(a sprinkling of holy water, rare incense, and powdered ruby worth at least 1,000 gp)",PHB 243,Cleric,
Globe of Invulnerability,level 6,Abjuration,Concentration,1 action,"Concentration, up to 1 minute",Self (10-foot radius),"M, S, V",(a glass or crystal bead that shatters when the spell ends),PHB 245,"Sorcerer, Wizard",
Gravity Fissure,level 6,Evocation,,1 action,Instantaneous,Self,"M, S, V",a fistful of iron fillings,EGtW,Wizard (Graviturgy),
Guards and Wards,level 6,Abjuration,,10 minutes,24 hours,Touch,"M, S, V","(burning incense, a small measure of brimstone and oil, a knotted string, a small amount of umber hulk blood, and a small silver rod worth at least 10 gp)",PHB 248,"Bard, Wizard",
Harm,level 6,Necromancy,,1 action,Instantaneous,60 feet,"S, V",,PHB 249,Cleric,
Heal,level 6,Evocation,,1 action,Instantaneous,60 feet,"S, V",,PHB 250,"Cleric, Druid",
Heroes’ Feast,level 6,Conjuration,,10 minutes,Instantaneous,30 feet,"M, S, V","(a gem-encrusted bowl worth at least 1,000 gp, which the spell consumes)",PHB 250,"Bard, Cleric, Druid",
Investiture of Flame,level 6,Transmutation,Concentration,1 action,"Concentration, up to 10 minutes",Self,"S, V",,XGtE 159,"Druid, Sorcerer, Warlock, Wizard",
Investiture of Ice,level 6,Transmutation,Concentration,1 action,"Concentration, up to 10 minutes",Self,"S, V",,XGtE 159,"Druid, Sorcerer, Warlock, Wizard",
Investiture of Stone,level 6,Transmutation,Concentration,1 action,"Concentration, up to 10 minutes",Self,"S, V",,XGtE 159,"Druid, Sorcerer, Warlock, Wizard",
Investiture of Wind,level 6,Transmutation,Concentration,1 action,"Concentration, up to 10 minutes",Self,"S, V",,XGtE 160,"Druid, Sorcerer, Warlock, Wizard",
Magic Jar,level 6,Necromancy,,1 minute,Until dispelled,Self,"M, S, V","(a gem, crystal, reliquary, or some other ornamental container worth at least 500 gp)",PHB 257,Wizard,
Mass Suggestion,level 6,Enchantment,,1 action,24 hours,60 feet,"M, V",(a snake’s tongue and either a bit of honeycomb or a drop of sweet oil),PHB 258,"Bard, Sorcerer, Warlock, Wizard",
Mental Prison,level 6,Illusion,Concentration,1 action,"Concentration, up to 1 minute",60 feet,S,,XGtE 161,"Sorcerer, Warlock, Wizard",
Move Earth,level 6,Transmutation,Concentration,1 action,"Concentration, up to 2 hours",120 feet,"M, S, V","(an iron blade and a small bag containing a mixture of soils—clay, loam, and sand)",PHB 263,"Druid, Sorcerer, Wizard",
Otiluke’s Freezing Sphere,level 6,Evocation,,1 action,Instantaneous,Touch,"M, S, V",(a small crystal sphere),PHB 263,"Sorcerer, Wizard",
Otto’s Irresistible Dance,level 6,Enchantment,Concentration,1 action,"Concentration, up to 1 minute",30 feet,V,,PHB 264,"Bard, Wizard",
Planar Ally,level 6,Conjuration,,10 minutes,Instantaneous,60 feet,"S, V",,PHB 265,Cleric,
Primordial Ward,level 6,Abjuration,Concentration,1 action,"Concentration, up to 1 minute",Self,"S, V",,XGtE 163,Druid,
Programmed Illusion,level 6,Illusion,,1 action,Until dispelled,120 feet,"M, S, V",(a bit of fleece and jade dust worth at least 25 gp),PHB 269,"Bard, Wizard",
Scatter,level 6,Conjuration,,1 action,Instantaneous,30 feet,V,,XGtE 164,"Sorcerer, Warlock, Wizard",
Soul Cage,level 6,Necromancy,,1 reaction,8 hours,60 feet,"M, S, V",(a tiny silver cage worth 100 gp),XGtE 165,"Warlock, Wizard",
Summon Fiend,level 6,Conjuration,Concentration,1 action,"Concentration, up to 1 hour",90 feet,"M, S, V",(humanoid blood inside a ruby vial worth at least 600 gp),TCoE 112,"Warlock, Wizard",
Sunbeam,level 6,Evocation,Concentration,1 action,"Concentration, up to 1 minute",Self (60-foot line),"M, S, V",(a magnifying glass),PHB 279,"Cleric, Druid, Sorcerer, Wizard",
Tasha's Otherworldly Guise,level 6,Transmutation,Concentration,1 bonus action,"Concentration, up to 1 minute",Self,"M, S, V","(an object engraved with a symbol of the Outer Planes, worth at least 500 gp)",TCoE 116,"Sorcerer, Warlock, Wizard",
Tenser’s Transformation,level 6,Transmutation,Concentration,1 action,"Concentration, up to 10 minutes",Self,"M, S, V",(a few hairs from a bull),XGtE 168,Wizard,
Transport via Plants,level 6,Conjuration,,1 action,1 round,10 feet,"S, V",,PHB 283,Druid,
True Seeing,level 6,Divination,,1 action,1 hour,Touch,"M, S, V","(an ointment for the eyes that costs 25 gp; is made from mushroom powder, saffron, and fat; and is consumed by the spell)",PHB 284,"Bard, Cleric, Sorcerer, Warlock, Wizard",
Wall of Ice,level 6,Evocation,Concentration,1 action,"Concentration, up to 10 minutes",120 feet,"M, S, V",(a small piece of quartz),PHB 285,Wizard,
Wall of Thorns,level 6,Conjuration,Concentration,1 action,"Concentration, up to 10 minutes",120 feet,"M, S, V",(a handful of thorns),PHB 287,Druid,
Wind Walk,level 6,Transmutation,,1 minute,8 hours,30 feet,"M, S, V",(fire and holy water),PHB 288,Druid,
Word of Recall,level 6,Conjuration,,1 action,Instantaneous,5 feet,V,,PHB 289,Cleric,
Conjure Celestial,level 7,Conjuration,Concentration,1 minute,"Concentration, up to 1 hour",90 feet,"S, V",,PHB 255,Cleric,
Crown of Stars,level 7,Evocation,,1 action,1 hour,Self,"S, V",,XGtE 152,"Sorcerer, Warlock, Wizard",
Delayed Blast Fireball,level 7,Evocation,Concentration,1 action,"Concentration, up to 1 minute",150 feet,"M, S, V",(a tiny ball of bat guano and sulfur),PHB 230,"Sorcerer, Wizard",
Divine Word,level 7,Evocation,,1 bonus action,Instantaneous,30 feet,V,,PHB 234,Cleric,
Dream of the Blue Veil,level 7,Conjuration,,10 minutes,6 hours,20 feet,"M, S, V",(a magic item or a willing creature from the destination world),TCoE 106,"Bard, Sorcerer, Warlock, Wizard",
Etherealness,level 7,Transmutation,,1 action,Up to 8 hours,Self,"S, V",,PHB 238,"Bard, Cleric, Sorcerer, Warlock, Wizard",
Finger of Death,level 7,Necromancy,,1 action,Instantaneous,60 feet,"S, V",,PHB 241,"Sorcerer, Warlock, Wizard",
Fire Storm,level 7,Evocation,,1 action,Instantaneous,150 feet,"S, V",,PHB 242,"Cleric, Druid, Sorcerer",
Forcecage,level 7,Evocation,,1 action,1 hour,100 feet,"M, S, V","(ruby dust worth 1,500 gp)",PHB 243,"Bard, Warlock, Wizard",
Mirage Arcane,level 7,Illusion,,10 minutes,10 days,Sight,"S, V",,PHB 260,"Bard, Druid, Wizard",
Mordenkainen’s Magnificent Mansion,level 7,Conjuration,,1 minute,24 hours,300 feet,"M, S, V","(a miniature portal carved from ivory, a small piece of polished marble, and a tiny silver spoon, each item worth at least 5 gp)",PHB 261,"Bard, Wizard",
Mordenkainen’s Sword,level 7,Evocation,Concentration,1 action,"Concentration, up to 1 minute",60 feet,"M, S, V","(a miniature platinum sword with a grip and pommel of copper and zinc, worth 250 gp)",PHB 262,"Bard, Wizard",
Plane Shift,level 7,Conjuration,,1 action,Instantaneous,Touch,"M, S, V","(a forked, metal rod worth at least 250 gp, attuned to a particular plane of existence)",PHB 266,"Cleric, Druid, Sorcerer, Warlock, Wizard",
Power Word Pain,level 7,Enchantment,,1 action,Instantaneous,60 feet,V,,XGtE 163,"Sorcerer, Warlock, Wizard",
Prismatic Spray,level 7,Evocation,,1 action,Instantaneous,Self (60-foot cone),"S, V",,PHB 267,"Bard, Sorcerer, Wizard",
Project Image,level 7,Illusion,,1 action,up to 1 day,500 miles,"M, S, V",(a small replica of you made from materials worth at least 5 gp),PHB 270,"Bard, Wizard",
Regenerate,level 7,Transmutation,,1 minute,1 hour,Touch,"M, S, V",(a prayer wheel and holy water),PHB 271,"Bard, Cleric, Druid",
Resurrection,level 7,Necromancy,,1 hour,Instantaneous,Touch,"M, S, V","(a diamond worth at least 1,000 gp, which the spell consumes)",PHB 272,"Bard, Cleric",
Reverse Gravity,level 7,Transmutation,Concentration,1 action,"Concentration, up to 1 minute",100 feet,"M, S, V",(a lodestone and iron filings),PHB 272,"Druid, Sorcerer, Wizard",
Sequester,level 7,Transmutation,,1 action,Until dispelled,Touch,"M, S, V","(a powder composed of diamond, emerald, ruby, and sapphire dust worth at least 5,000 gp, which the spell consumes)",PHB 274,Wizard,
Simulacrum,level 7,Illusion,,12 hours,Until dispelled,Touch,"M, S, V","(snow or ice in quantities sufficient to made a life-size copy of the duplicated creature; some hair, fingernail clippings, or other piece of that creature’s body placed inside the snow or ice; and powdered ruby worth 1,500 gp, sprinkled over the duplicate and consumed by the spell)",PHB 276,Wizard,
Symbol,level 7,Abjuration,,1 minute,Until dispelled or triggered,Touch,"M, S, V","(mercury, phosphorus, and powdered diamond and opal with a total value of at least 1,000 gp, which the spell consumes)",PHB 280,"Bard, Cleric, Druid, Wizard",
Teleport,level 7,Conjuration,,1 action,Instantaneous,10 feet,V,,PHB 281,"Bard, Sorcerer, Wizard",
Temple of the Gods,level 7,Conjuration,,1 hour,24 hours,120 feet,"M, S, V",(a holy symbol worth at least 5 gp),XGtE 167,Cleric,
Tether Essence,level 7,Necromancy,Concentration,1 action,up to 1 hour,60 feet,"M, S, V","a spool of platinum cord worth at least 250 gp, which the spell consumes",EGtW,"Wizard (Chronurgy), Wizard (Graviturgy)",
Whirlwind,level 7,Evocation,Concentration,1 action,"Concentration, up to 1 minute",300 feet,"M, V",(a piece of straw),XGtE 171,"Druid, Sorcerer, Wizard",
Abi-Dalzim’s Horrid Wilting,level 8,Necromancy,,1 action,Instantaneous,150 feet,"M, S, V",(a bit of sponge),XGtE 150,"Sorcerer, Wizard",
Animal Shapes,level 8,Transmutation,Concentration,1 action,"Concentration, up to 24 hours",30 feet,"S, V",,PHB 212,Druid,
Antimagic Field,level 8,Abjuration,Concentration,1 action,"Concentration, up to 1 hour",Self (10-foot-radius sphere),"M, S, V",(a pinch of powdered iron or iron filings),PHB 213,"Cleric, Wizard",
Antipathy / Sympathy,level 8,Enchantment,,1 hour,10 days,60 feet,"M, S, V",(either a lump of alum soaked in vinegar for the antipathy effect or a drop of honey for the sympathy effect),PHB 214,"Bard, Druid, Wizard",
Clone,level 8,Necromancy,,1 hour,Instantaneous,Touch,"M, S, V","(a diamond worth at least 1,000 gp and at least 1 cubic inch of flesh of the creature that is to be cloned, which the spell consumes, and a vessel worth at least 2,000 gp that has a sealable lid and is large enough to hold a Medium creature, such as a huge urn, coffin, mud-filled cyst in the ground, or crystal container filled with salt water)",PHB 222,Wizard,
Control Weather,level 8,Transmutation,Concentration,10 minutes,"Concentration, up to 8 hours",Self (5-mile radius),"M, S, V",(burning incense and bits of earth and wood mixed in water),PHB 228,"Cleric, Druid, Wizard",
Dark Star,level 8,Evocation,Concentration,1 action,up to 1 minute,150 feet,"M, S, V","a shard of onyx and a drop of the caster's blood, both of which the spell consumes",EGtW,Wizard (Graviturgy),
Demiplane,level 8,Conjuration,,1 action,1 hour,60 feet,S,,PHB 231,"Sorcerer, Warlock, Wizard",
Dominate Monster,level 8,Enchantment,Concentration,1 action,"Concentration, up to 1 hour",60 feet,"S, V",,PHB 235,"Bard, Sorcerer, Warlock, Wizard",
Earthquake,level 8,Evocation,Concentration,1 action,"Concentration, up to 1 minute",500 feet,"M, S, V","(a pinch of dirt, a piece of rock, and a lump of clay)",PHB 236,"Cleric, Druid, Sorcerer",
Feeblemind,level 8,Enchantment,,1 action,Instantaneous,150 feet,"M, S, V","(a handful of clay, crystal, glass, or mineral spheres)",PHB 239,"Bard, Druid, Warlock, Wizard",
Glibness,level 8,Transmutation,,1 action,1 hour,Self,V,,PHB 245,"Bard, Warlock",
Holy Aura,level 8,Abjuration,Concentration,1 action,"Concentration, up to 1 minute",Self,"M, S, V","(a tiny reliquary worth at least 1,000 gp containing a sacred relic, such as a scrap of cloth from a saint’s robe or a piece of parchment from a religious text)",PHB 251,Cleric,
Illusory Dragon,level 8,Illusion,Concentration,1 action,"Concentration, up to 1 minute",120 feet,S,,XGtE 157,Wizard,
Incendiary Cloud,level 8,Conjuration,Concentration,1 action,"Concentration, up to 1 minute",150 feet,"S, V",,PHB 253,"Druid, Sorcerer, Wizard",
Maddening Darkness,level 8,Evocation,Concentration,1 action,"Concentration, up to 10 minutes",150 feet,"M, V",(a drop of pitch mixed with a drop of mercury),XGtE 160,"Warlock, Wizard",
Maze,level 8,Conjuration,Concentration,1 action,"Concentration, up to 10 minutes",60 feet,"S, V",,PHB 258,Wizard,
Mighty Fortress,level 8,Conjuration,,1 minute,Instantaneous,1 mile,"M, S, V","(a diamond worth at least 500 gp, which the spell consumes)",XGtE 161,Wizard,
Mind Blank,level 8,Abjuration,,1 action,24 hours,Touch,"S, V",,PHB 259,"Bard, Wizard",
Power Word Stun,level 8,Enchantment,,1 action,Instantaneous,60 feet,V,,PHB 267,"Bard, Sorcerer, Warlock, Wizard",
Reality Break,level 8,Conjuration,Concentration,1 action,up to 1 minute,60 feet,"M, S, V",a crystal prism,EGtW,Wizard (Chronurgy),
Sunburst,level 8,Evocation,,1 action,Instantaneous,150 feet,"M, S, V",(fire and a piece of sunstone),PHB 279,"Cleric, Druid, Sorcerer, Wizard",
Telepathy,level 8,Evocation,,1 action,24 hours,Unlimited,"M, S, V",(a pair of linked silver rings),PHB 281,Wizard,
Tsunami,level 8,Conjuration,Concentration,1 minute,"Concentration, up to 6 rounds",Sight,"S, V",,PHB 284,Druid,
Astral Projection,level 9,Necromancy,,1 hour,Special,10 feet,"M, S, V","(for each creature you affect with this spell, you must provide one jacinth worth at least 1,000 gp and one ornately carved bar of silver worth at least 100 gp, all of which the spell consumes)",PHB 215,"Cleric, Warlock, Wizard",
Blade of Disaster,level 9,Conjuration,Concentration,1 bonus action,"Concentration, up to 1 minute",60 feet,"S, V",,TCoE 106,"Sorcerer, Warlock, Wizard",
Foresight,level 9,Divination,,1 minute,8 hours,Touch,"M, S, V",(a hummingbird feather),PHB 244,"Bard, Druid, Warlock, Wizard",
Gate,level 9,Conjuration,Concentration,1 action,"Concentration, up to 1 minute",60 feet,"M, S, V","(a diamond worth at least 5,000 gp)",PHB 244,"Cleric, Sorcerer, Warlock, Wizard",
Imprisonment,level 9,Abjuration,,1 minute,Until dispelled,30 feet,"M, S, V","(a vellum depiction or a carved statuette in the likeness of the target, and a special component that varies according to the version of the spell you choose, worth at least 500 gp per Hit Die of the target)",PHB 252,"Warlock, Wizard",
Invulnerability,level 9,Abjuration,Concentration,1 action,"Concentration, up to 10 minutes",Self,"M, S, V","(a small piece of adamantine worth at least 500 gp, which the spell consumes)",XGtE 160,Wizard,
Mass Heal,level 9,Evocation,,1 action,Instantaneous,60 feet,"S, V",,PHB 258,Cleric,
Mass Polymorph,level 9,Transmutation,Concentration,1 action,"Concentration, up to 1 hour",120 feet,"M, S, V",(a caterpillar cocoon),XGtE 160,"Bard, Sorcerer, Wizard",
Meteor Swarm,level 9,Evocation,,1 action,Instantaneous,1 mile,"S, V",,PHB 259,"Sorcerer, Wizard",
Power Word Heal,level 9,Evocation,,1 action,Instantaneous,Touch,"S, V",,PHB 266,Bard,
Power Word Kill,level 9,Enchantment,,1 action,Instantaneous,60 feet,V,,PHB 266,"Bard, Cleric, Sorcerer, Warlock, Wizard",
Prismatic Wall,level 9,Abjuration,,1 action,10 minutes,60 feet,"S, V",,PHB 267,"Bard, Wizard",
Psychic Scream,level 9,Enchantment,,1 action,Instantaneous,90 feet,S,,XGtE 163,"Bard, Sorcerer, Warlock, Wizard",
Ravenous Void,level 9,Evocation,Concentration,1 action,up to 1 min,1000 feet,"M, S, V","a small, nine-pointed star made of iron",EGtW,Wizard (Graviturgy),
Shapechange,level 9,Transmutation,Concentration,1 action,"Concentration, up to 1 hour",Self,"M, S, V","(a jade circlet worth at least 1,500 gp, which you must place on your head before you cast the spell)",PHB 274,"Druid, Wizard",
Storm of Vengeance,level 9,Conjuration,Concentration,1 action,"Concentration, up to 1 minute",Sight,"S, V",,PHB 279,Druid,
Time Ravage,level 9,Necromancy,,1 action,Instantaneous,90 feet,"M, S, V","an hourglass filled with diamond dust worth at least 5000 gp, which the spell consumes",EGtW,Wizard (Chronurgy),
Time Stop,level 9,Transmutation,,1 action,Instantaneous,Self,V,,PHB 283,"Sorcerer, Wizard",
True Polymorph,level 9,Transmutation,Concentration,1 action,"Concentration, up to 1 hour",30 feet,"M, S, V","(a drop of mercury, a dollop of gum arabic, and a wisp of smoke)",PHB 283,"Bard, Warlock, Wizard",
True Resurrection,level 9,Necromancy,,1 hour,Instantaneous,Touch,"M, S, V","(a sprinkle of holy water and diamonds worth at least 25,000 gp, which the spell consumes)",PHB 284,"Cleric, Druid",
Weird,level 9,Illusion,Concentration,1 action,"Concentration, up to 1 minute",120 feet,"S, V",,PHB 288,"Warlock, Wizard",
Wish,level 9,Conjuration,,1 action,Instantaneous,Self,V,,PHB 288,"Sorcerer, Wizard",